ISO-10303-21;
HEADER;
/* Generated by software containing ST-Developer
 * from STEP Tools, Inc. (www.steptools.com) 
 */

FILE_DESCRIPTION(
/* description */ (''),
/* implementation_level */ '2;1');

FILE_NAME(
/* name */ 'Base.step',
/* time_stamp */ '2026-08-22T15:16:39+01:00',
/* author */ (''),
/* organization */ (''),
/* preprocessor_version */ 'ST-DEVELOPER v20.1',
/* originating_system */ 'Autodesk Translation Framework v15.8.0.0',
/* authorisation */ '');

FILE_SCHEMA (('AUTOMOTIVE_DESIGN { 1 0 10303 214 3 1 1 }'));
ENDSEC;

DATA;
#10=MECHANICAL_DESIGN_GEOMETRIC_PRESENTATION_REPRESENTATION('',(#13),#2362);
#11=SHAPE_REPRESENTATION_RELATIONSHIP('SRR','None',#2369,#12);
#12=ADVANCED_BREP_SHAPE_REPRESENTATION('',(#14),#2361);
#13=STYLED_ITEM('',(#2378),#14);
#14=MANIFOLD_SOLID_BREP('Body1',#1414);
#15=(
BOUNDED_SURFACE()
B_SPLINE_SURFACE(2,2,((#2015,#2016,#2017),(#2018,#2019,#2020),(#2021,#2022,
#2023)),.UNSPECIFIED.,.F.,.F.,.F.)
B_SPLINE_SURFACE_WITH_KNOTS((3,3),(3,3),(-1.5707963267949,0.),(-3.14159265358979,
-1.5707963267949),.UNSPECIFIED.)
GEOMETRIC_REPRESENTATION_ITEM()
RATIONAL_B_SPLINE_SURFACE(((1.,0.707106781186548,1.),(0.707106781186538,
0.499999999999993,0.707106781186538),(1.,0.707106781186548,1.)))
REPRESENTATION_ITEM('')
SURFACE()
);
#16=(
BOUNDED_SURFACE()
B_SPLINE_SURFACE(2,2,((#2038,#2039,#2040),(#2041,#2042,#2043),(#2044,#2045,
#2046)),.UNSPECIFIED.,.F.,.F.,.F.)
B_SPLINE_SURFACE_WITH_KNOTS((3,3),(3,3),(-1.5707963267949,0.),(-1.5707963267949,
0.),.UNSPECIFIED.)
GEOMETRIC_REPRESENTATION_ITEM()
RATIONAL_B_SPLINE_SURFACE(((1.,0.707106781186548,1.),(0.707106781186538,
0.499999999999993,0.707106781186538),(1.,0.707106781186548,1.)))
REPRESENTATION_ITEM('')
SURFACE()
);
#17=(
BOUNDED_SURFACE()
B_SPLINE_SURFACE(2,2,((#2058,#2059,#2060),(#2061,#2062,#2063),(#2064,#2065,
#2066)),.UNSPECIFIED.,.F.,.F.,.F.)
B_SPLINE_SURFACE_WITH_KNOTS((3,3),(3,3),(-1.5707963267949,0.),(0.,1.5707963267949),
 .UNSPECIFIED.)
GEOMETRIC_REPRESENTATION_ITEM()
RATIONAL_B_SPLINE_SURFACE(((1.,0.707106781186548,1.),(0.707106781186538,
0.499999999999993,0.707106781186538),(1.,0.707106781186548,1.)))
REPRESENTATION_ITEM('')
SURFACE()
);
#18=(
BOUNDED_SURFACE()
B_SPLINE_SURFACE(2,2,((#2078,#2079,#2080),(#2081,#2082,#2083),(#2084,#2085,
#2086)),.UNSPECIFIED.,.F.,.F.,.F.)
B_SPLINE_SURFACE_WITH_KNOTS((3,3),(3,3),(-1.5707963267949,0.),(1.5707963267949,
3.14159265358979),.UNSPECIFIED.)
GEOMETRIC_REPRESENTATION_ITEM()
RATIONAL_B_SPLINE_SURFACE(((1.,0.707106781186548,1.),(0.707106781186538,
0.499999999999993,0.707106781186538),(1.,0.707106781186548,1.)))
REPRESENTATION_ITEM('')
SURFACE()
);
#19=FACE_BOUND('',#169,.T.);
#20=FACE_BOUND('',#172,.T.);
#21=FACE_BOUND('',#187,.T.);
#22=FACE_BOUND('',#190,.T.);
#23=FACE_BOUND('',#193,.T.);
#24=FACE_BOUND('',#194,.T.);
#25=FACE_BOUND('',#195,.T.);
#26=FACE_BOUND('',#199,.T.);
#27=FACE_BOUND('',#230,.T.);
#28=FACE_BOUND('',#233,.T.);
#29=FACE_BOUND('',#236,.T.);
#30=FACE_BOUND('',#238,.T.);
#31=FACE_BOUND('',#244,.T.);
#32=FACE_BOUND('',#245,.T.);
#33=FACE_BOUND('',#251,.T.);
#34=FACE_BOUND('',#258,.T.);
#35=PLANE('',#1434);
#36=PLANE('',#1437);
#37=PLANE('',#1438);
#38=PLANE('',#1441);
#39=PLANE('',#1442);
#40=PLANE('',#1443);
#41=PLANE('',#1444);
#42=PLANE('',#1445);
#43=PLANE('',#1466);
#44=PLANE('',#1469);
#45=PLANE('',#1472);
#46=PLANE('',#1478);
#47=PLANE('',#1479);
#48=PLANE('',#1482);
#49=PLANE('',#1483);
#50=PLANE('',#1484);
#51=PLANE('',#1485);
#52=PLANE('',#1486);
#53=PLANE('',#1487);
#54=PLANE('',#1488);
#55=PLANE('',#1489);
#56=PLANE('',#1490);
#57=PLANE('',#1491);
#58=PLANE('',#1492);
#59=PLANE('',#1493);
#60=PLANE('',#1494);
#61=PLANE('',#1495);
#62=PLANE('',#1496);
#63=PLANE('',#1497);
#64=PLANE('',#1498);
#65=PLANE('',#1499);
#66=PLANE('',#1500);
#67=PLANE('',#1501);
#68=PLANE('',#1502);
#69=PLANE('',#1503);
#70=PLANE('',#1504);
#71=PLANE('',#1505);
#72=PLANE('',#1506);
#73=PLANE('',#1507);
#74=PLANE('',#1508);
#75=PLANE('',#1512);
#76=PLANE('',#1516);
#77=PLANE('',#1520);
#78=PLANE('',#1522);
#79=PLANE('',#1525);
#80=PLANE('',#1527);
#81=PLANE('',#1528);
#82=PLANE('',#1534);
#83=PLANE('',#1535);
#84=PLANE('',#1536);
#85=PLANE('',#1537);
#86=PLANE('',#1539);
#87=PLANE('',#1541);
#88=PLANE('',#1542);
#89=FACE_OUTER_BOUND('',#166,.T.);
#90=FACE_OUTER_BOUND('',#167,.T.);
#91=FACE_OUTER_BOUND('',#168,.T.);
#92=FACE_OUTER_BOUND('',#170,.T.);
#93=FACE_OUTER_BOUND('',#171,.T.);
#94=FACE_OUTER_BOUND('',#173,.T.);
#95=FACE_OUTER_BOUND('',#174,.T.);
#96=FACE_OUTER_BOUND('',#175,.T.);
#97=FACE_OUTER_BOUND('',#176,.T.);
#98=FACE_OUTER_BOUND('',#177,.T.);
#99=FACE_OUTER_BOUND('',#178,.T.);
#100=FACE_OUTER_BOUND('',#179,.T.);
#101=FACE_OUTER_BOUND('',#180,.T.);
#102=FACE_OUTER_BOUND('',#181,.T.);
#103=FACE_OUTER_BOUND('',#182,.T.);
#104=FACE_OUTER_BOUND('',#183,.T.);
#105=FACE_OUTER_BOUND('',#184,.T.);
#106=FACE_OUTER_BOUND('',#185,.T.);
#107=FACE_OUTER_BOUND('',#186,.T.);
#108=FACE_OUTER_BOUND('',#188,.T.);
#109=FACE_OUTER_BOUND('',#189,.T.);
#110=FACE_OUTER_BOUND('',#191,.T.);
#111=FACE_OUTER_BOUND('',#192,.T.);
#112=FACE_OUTER_BOUND('',#196,.T.);
#113=FACE_OUTER_BOUND('',#197,.T.);
#114=FACE_OUTER_BOUND('',#198,.T.);
#115=FACE_OUTER_BOUND('',#200,.T.);
#116=FACE_OUTER_BOUND('',#201,.T.);
#117=FACE_OUTER_BOUND('',#202,.T.);
#118=FACE_OUTER_BOUND('',#203,.T.);
#119=FACE_OUTER_BOUND('',#204,.T.);
#120=FACE_OUTER_BOUND('',#205,.T.);
#121=FACE_OUTER_BOUND('',#206,.T.);
#122=FACE_OUTER_BOUND('',#207,.T.);
#123=FACE_OUTER_BOUND('',#208,.T.);
#124=FACE_OUTER_BOUND('',#209,.T.);
#125=FACE_OUTER_BOUND('',#210,.T.);
#126=FACE_OUTER_BOUND('',#211,.T.);
#127=FACE_OUTER_BOUND('',#212,.T.);
#128=FACE_OUTER_BOUND('',#213,.T.);
#129=FACE_OUTER_BOUND('',#214,.T.);
#130=FACE_OUTER_BOUND('',#215,.T.);
#131=FACE_OUTER_BOUND('',#216,.T.);
#132=FACE_OUTER_BOUND('',#217,.T.);
#133=FACE_OUTER_BOUND('',#218,.T.);
#134=FACE_OUTER_BOUND('',#219,.T.);
#135=FACE_OUTER_BOUND('',#220,.T.);
#136=FACE_OUTER_BOUND('',#221,.T.);
#137=FACE_OUTER_BOUND('',#222,.T.);
#138=FACE_OUTER_BOUND('',#223,.T.);
#139=FACE_OUTER_BOUND('',#224,.T.);
#140=FACE_OUTER_BOUND('',#225,.T.);
#141=FACE_OUTER_BOUND('',#226,.T.);
#142=FACE_OUTER_BOUND('',#227,.T.);
#143=FACE_OUTER_BOUND('',#228,.T.);
#144=FACE_OUTER_BOUND('',#229,.T.);
#145=FACE_OUTER_BOUND('',#231,.T.);
#146=FACE_OUTER_BOUND('',#232,.T.);
#147=FACE_OUTER_BOUND('',#234,.T.);
#148=FACE_OUTER_BOUND('',#235,.T.);
#149=FACE_OUTER_BOUND('',#237,.T.);
#150=FACE_OUTER_BOUND('',#239,.T.);
#151=FACE_OUTER_BOUND('',#240,.T.);
#152=FACE_OUTER_BOUND('',#241,.T.);
#153=FACE_OUTER_BOUND('',#242,.T.);
#154=FACE_OUTER_BOUND('',#243,.T.);
#155=FACE_OUTER_BOUND('',#246,.T.);
#156=FACE_OUTER_BOUND('',#247,.T.);
#157=FACE_OUTER_BOUND('',#248,.T.);
#158=FACE_OUTER_BOUND('',#249,.T.);
#159=FACE_OUTER_BOUND('',#250,.T.);
#160=FACE_OUTER_BOUND('',#252,.T.);
#161=FACE_OUTER_BOUND('',#253,.T.);
#162=FACE_OUTER_BOUND('',#254,.T.);
#163=FACE_OUTER_BOUND('',#255,.T.);
#164=FACE_OUTER_BOUND('',#256,.T.);
#165=FACE_OUTER_BOUND('',#257,.T.);
#166=EDGE_LOOP('',(#928,#929,#930,#931));
#167=EDGE_LOOP('',(#932,#933,#934,#935));
#168=EDGE_LOOP('',(#936,#937,#938,#939,#940,#941));
#169=EDGE_LOOP('',(#942));
#170=EDGE_LOOP('',(#943,#944,#945,#946,#947,#948,#949,#950));
#171=EDGE_LOOP('',(#951,#952,#953,#954,#955,#956));
#172=EDGE_LOOP('',(#957));
#173=EDGE_LOOP('',(#958,#959,#960,#961,#962,#963));
#174=EDGE_LOOP('',(#964,#965,#966,#967));
#175=EDGE_LOOP('',(#968,#969,#970,#971));
#176=EDGE_LOOP('',(#972,#973,#974,#975));
#177=EDGE_LOOP('',(#976,#977,#978,#979));
#178=EDGE_LOOP('',(#980,#981,#982,#983));
#179=EDGE_LOOP('',(#984,#985,#986,#987));
#180=EDGE_LOOP('',(#988,#989,#990,#991));
#181=EDGE_LOOP('',(#992,#993,#994,#995));
#182=EDGE_LOOP('',(#996,#997,#998,#999));
#183=EDGE_LOOP('',(#1000,#1001,#1002,#1003));
#184=EDGE_LOOP('',(#1004,#1005,#1006,#1007));
#185=EDGE_LOOP('',(#1008,#1009,#1010,#1011));
#186=EDGE_LOOP('',(#1012,#1013,#1014,#1015));
#187=EDGE_LOOP('',(#1016,#1017,#1018,#1019));
#188=EDGE_LOOP('',(#1020,#1021,#1022,#1023));
#189=EDGE_LOOP('',(#1024,#1025,#1026,#1027));
#190=EDGE_LOOP('',(#1028,#1029,#1030,#1031));
#191=EDGE_LOOP('',(#1032,#1033,#1034,#1035));
#192=EDGE_LOOP('',(#1036,#1037,#1038,#1039,#1040,#1041,#1042,#1043));
#193=EDGE_LOOP('',(#1044));
#194=EDGE_LOOP('',(#1045));
#195=EDGE_LOOP('',(#1046));
#196=EDGE_LOOP('',(#1047,#1048,#1049,#1050));
#197=EDGE_LOOP('',(#1051,#1052,#1053,#1054));
#198=EDGE_LOOP('',(#1055,#1056,#1057,#1058,#1059,#1060,#1061,#1062));
#199=EDGE_LOOP('',(#1063,#1064,#1065,#1066,#1067,#1068,#1069,#1070));
#200=EDGE_LOOP('',(#1071,#1072,#1073,#1074));
#201=EDGE_LOOP('',(#1075,#1076,#1077,#1078));
#202=EDGE_LOOP('',(#1079,#1080,#1081,#1082));
#203=EDGE_LOOP('',(#1083,#1084,#1085,#1086));
#204=EDGE_LOOP('',(#1087,#1088,#1089,#1090));
#205=EDGE_LOOP('',(#1091,#1092,#1093,#1094));
#206=EDGE_LOOP('',(#1095,#1096,#1097,#1098));
#207=EDGE_LOOP('',(#1099,#1100,#1101,#1102));
#208=EDGE_LOOP('',(#1103,#1104,#1105,#1106,#1107,#1108));
#209=EDGE_LOOP('',(#1109,#1110,#1111,#1112));
#210=EDGE_LOOP('',(#1113,#1114,#1115,#1116));
#211=EDGE_LOOP('',(#1117,#1118,#1119,#1120));
#212=EDGE_LOOP('',(#1121,#1122,#1123,#1124));
#213=EDGE_LOOP('',(#1125,#1126,#1127,#1128));
#214=EDGE_LOOP('',(#1129,#1130,#1131,#1132));
#215=EDGE_LOOP('',(#1133,#1134,#1135,#1136,#1137,#1138));
#216=EDGE_LOOP('',(#1139,#1140,#1141,#1142));
#217=EDGE_LOOP('',(#1143,#1144,#1145,#1146));
#218=EDGE_LOOP('',(#1147,#1148,#1149,#1150));
#219=EDGE_LOOP('',(#1151,#1152,#1153,#1154,#1155,#1156));
#220=EDGE_LOOP('',(#1157,#1158,#1159,#1160));
#221=EDGE_LOOP('',(#1161,#1162,#1163,#1164));
#222=EDGE_LOOP('',(#1165,#1166,#1167,#1168));
#223=EDGE_LOOP('',(#1169,#1170,#1171,#1172));
#224=EDGE_LOOP('',(#1173,#1174,#1175,#1176));
#225=EDGE_LOOP('',(#1177,#1178,#1179,#1180));
#226=EDGE_LOOP('',(#1181,#1182,#1183,#1184));
#227=EDGE_LOOP('',(#1185,#1186,#1187,#1188));
#228=EDGE_LOOP('',(#1189,#1190,#1191,#1192));
#229=EDGE_LOOP('',(#1193));
#230=EDGE_LOOP('',(#1194));
#231=EDGE_LOOP('',(#1195,#1196,#1197,#1198));
#232=EDGE_LOOP('',(#1199));
#233=EDGE_LOOP('',(#1200));
#234=EDGE_LOOP('',(#1201,#1202,#1203,#1204));
#235=EDGE_LOOP('',(#1205));
#236=EDGE_LOOP('',(#1206));
#237=EDGE_LOOP('',(#1207,#1208,#1209,#1210,#1211,#1212));
#238=EDGE_LOOP('',(#1213,#1214,#1215,#1216));
#239=EDGE_LOOP('',(#1217,#1218,#1219,#1220));
#240=EDGE_LOOP('',(#1221,#1222,#1223,#1224));
#241=EDGE_LOOP('',(#1225,#1226,#1227,#1228));
#242=EDGE_LOOP('',(#1229,#1230,#1231,#1232));
#243=EDGE_LOOP('',(#1233,#1234,#1235,#1236,#1237,#1238,#1239,#1240,#1241,
#1242,#1243,#1244,#1245,#1246,#1247));
#244=EDGE_LOOP('',(#1248,#1249,#1250,#1251,#1252,#1253));
#245=EDGE_LOOP('',(#1254,#1255,#1256,#1257,#1258,#1259));
#246=EDGE_LOOP('',(#1260,#1261,#1262,#1263));
#247=EDGE_LOOP('',(#1264,#1265,#1266,#1267));
#248=EDGE_LOOP('',(#1268,#1269,#1270,#1271));
#249=EDGE_LOOP('',(#1272,#1273,#1274,#1275,#1276,#1277,#1278));
#250=EDGE_LOOP('',(#1279,#1280,#1281,#1282,#1283));
#251=EDGE_LOOP('',(#1284));
#252=EDGE_LOOP('',(#1285,#1286,#1287,#1288,#1289,#1290));
#253=EDGE_LOOP('',(#1291,#1292,#1293,#1294));
#254=EDGE_LOOP('',(#1295,#1296,#1297,#1298,#1299,#1300,#1301));
#255=EDGE_LOOP('',(#1302,#1303,#1304,#1305));
#256=EDGE_LOOP('',(#1306,#1307,#1308,#1309));
#257=EDGE_LOOP('',(#1310,#1311,#1312,#1313));
#258=EDGE_LOOP('',(#1314,#1315,#1316,#1317));
#259=CIRCLE('',#1429,4.2);
#260=CIRCLE('',#1430,4.2);
#261=CIRCLE('',#1432,4.2);
#262=CIRCLE('',#1433,4.2);
#263=CIRCLE('',#1435,5.5);
#264=CIRCLE('',#1436,1.7);
#265=CIRCLE('',#1439,5.5);
#266=CIRCLE('',#1440,1.7);
#267=CIRCLE('',#1446,1.5);
#268=CIRCLE('',#1447,1.);
#269=CIRCLE('',#1448,1.5);
#270=CIRCLE('',#1449,2.5);
#271=CIRCLE('',#1451,1.5);
#272=CIRCLE('',#1452,1.5);
#273=CIRCLE('',#1453,2.5);
#274=CIRCLE('',#1454,1.);
#275=CIRCLE('',#1456,1.5);
#276=CIRCLE('',#1457,1.5);
#277=CIRCLE('',#1458,2.5);
#278=CIRCLE('',#1459,1.);
#279=CIRCLE('',#1461,1.5);
#280=CIRCLE('',#1462,1.5);
#281=CIRCLE('',#1463,2.5);
#282=CIRCLE('',#1464,1.);
#283=CIRCLE('',#1468,2.5);
#284=CIRCLE('',#1471,2.5);
#285=CIRCLE('',#1473,4.);
#286=CIRCLE('',#1474,4.);
#287=CIRCLE('',#1475,4.);
#288=CIRCLE('',#1477,2.5);
#289=CIRCLE('',#1480,2.5);
#290=CIRCLE('',#1510,1.7);
#291=CIRCLE('',#1511,1.7);
#292=CIRCLE('',#1513,4.);
#293=CIRCLE('',#1515,1.7);
#294=CIRCLE('',#1517,4.);
#295=CIRCLE('',#1519,1.7);
#296=CIRCLE('',#1521,4.);
#297=CIRCLE('',#1524,5.5);
#298=CIRCLE('',#1529,5.5);
#299=CIRCLE('',#1530,5.5);
#300=CIRCLE('',#1533,5.5);
#301=LINE('',#1932,#454);
#302=LINE('',#1936,#455);
#303=LINE('',#1941,#456);
#304=LINE('',#1945,#457);
#305=LINE('',#1949,#458);
#306=LINE('',#1951,#459);
#307=LINE('',#1955,#460);
#308=LINE('',#1956,#461);
#309=LINE('',#1961,#462);
#310=LINE('',#1963,#463);
#311=LINE('',#1965,#464);
#312=LINE('',#1967,#465);
#313=LINE('',#1969,#466);
#314=LINE('',#1970,#467);
#315=LINE('',#1973,#468);
#316=LINE('',#1975,#469);
#317=LINE('',#1979,#470);
#318=LINE('',#1980,#471);
#319=LINE('',#1985,#472);
#320=LINE('',#1987,#473);
#321=LINE('',#1989,#474);
#322=LINE('',#1990,#475);
#323=LINE('',#1994,#476);
#324=LINE('',#1996,#477);
#325=LINE('',#1998,#478);
#326=LINE('',#1999,#479);
#327=LINE('',#2002,#480);
#328=LINE('',#2004,#481);
#329=LINE('',#2005,#482);
#330=LINE('',#2008,#483);
#331=LINE('',#2010,#484);
#332=LINE('',#2011,#485);
#333=LINE('',#2013,#486);
#334=LINE('',#2014,#487);
#335=LINE('',#2036,#488);
#336=LINE('',#2037,#489);
#337=LINE('',#2056,#490);
#338=LINE('',#2057,#491);
#339=LINE('',#2076,#492);
#340=LINE('',#2077,#493);
#341=LINE('',#2093,#494);
#342=LINE('',#2094,#495);
#343=LINE('',#2097,#496);
#344=LINE('',#2099,#497);
#345=LINE('',#2100,#498);
#346=LINE('',#2103,#499);
#347=LINE('',#2107,#500);
#348=LINE('',#2108,#501);
#349=LINE('',#2111,#502);
#350=LINE('',#2113,#503);
#351=LINE('',#2115,#504);
#352=LINE('',#2116,#505);
#353=LINE('',#2119,#506);
#354=LINE('',#2130,#507);
#355=LINE('',#2133,#508);
#356=LINE('',#2135,#509);
#357=LINE('',#2138,#510);
#358=LINE('',#2141,#511);
#359=LINE('',#2142,#512);
#360=LINE('',#2144,#513);
#361=LINE('',#2145,#514);
#362=LINE('',#2147,#515);
#363=LINE('',#2152,#516);
#364=LINE('',#2154,#517);
#365=LINE('',#2156,#518);
#366=LINE('',#2157,#519);
#367=LINE('',#2160,#520);
#368=LINE('',#2162,#521);
#369=LINE('',#2163,#522);
#370=LINE('',#2166,#523);
#371=LINE('',#2168,#524);
#372=LINE('',#2169,#525);
#373=LINE('',#2172,#526);
#374=LINE('',#2174,#527);
#375=LINE('',#2175,#528);
#376=LINE('',#2178,#529);
#377=LINE('',#2180,#530);
#378=LINE('',#2181,#531);
#379=LINE('',#2183,#532);
#380=LINE('',#2184,#533);
#381=LINE('',#2189,#534);
#382=LINE('',#2191,#535);
#383=LINE('',#2193,#536);
#384=LINE('',#2194,#537);
#385=LINE('',#2197,#538);
#386=LINE('',#2199,#539);
#387=LINE('',#2200,#540);
#388=LINE('',#2203,#541);
#389=LINE('',#2205,#542);
#390=LINE('',#2206,#543);
#391=LINE('',#2209,#544);
#392=LINE('',#2211,#545);
#393=LINE('',#2212,#546);
#394=LINE('',#2215,#547);
#395=LINE('',#2217,#548);
#396=LINE('',#2218,#549);
#397=LINE('',#2220,#550);
#398=LINE('',#2221,#551);
#399=LINE('',#2225,#552);
#400=LINE('',#2227,#553);
#401=LINE('',#2228,#554);
#402=LINE('',#2231,#555);
#403=LINE('',#2233,#556);
#404=LINE('',#2234,#557);
#405=LINE('',#2238,#558);
#406=LINE('',#2239,#559);
#407=LINE('',#2240,#560);
#408=LINE('',#2243,#561);
#409=LINE('',#2245,#562);
#410=LINE('',#2246,#563);
#411=LINE('',#2249,#564);
#412=LINE('',#2251,#565);
#413=LINE('',#2252,#566);
#414=LINE('',#2255,#567);
#415=LINE('',#2256,#568);
#416=LINE('',#2259,#569);
#417=LINE('',#2260,#570);
#418=LINE('',#2262,#571);
#419=LINE('',#2265,#572);
#420=LINE('',#2267,#573);
#421=LINE('',#2268,#574);
#422=LINE('',#2271,#575);
#423=LINE('',#2272,#576);
#424=LINE('',#2275,#577);
#425=LINE('',#2276,#578);
#426=LINE('',#2278,#579);
#427=LINE('',#2283,#580);
#428=LINE('',#2290,#581);
#429=LINE('',#2297,#582);
#430=LINE('',#2304,#583);
#431=LINE('',#2306,#584);
#432=LINE('',#2307,#585);
#433=LINE('',#2312,#586);
#434=LINE('',#2313,#587);
#435=LINE('',#2315,#588);
#436=LINE('',#2317,#589);
#437=LINE('',#2319,#590);
#438=LINE('',#2321,#591);
#439=LINE('',#2323,#592);
#440=LINE('',#2326,#593);
#441=LINE('',#2328,#594);
#442=LINE('',#2332,#595);
#443=LINE('',#2333,#596);
#444=LINE('',#2335,#597);
#445=LINE('',#2338,#598);
#446=LINE('',#2341,#599);
#447=LINE('',#2344,#600);
#448=LINE('',#2345,#601);
#449=LINE('',#2347,#602);
#450=LINE('',#2349,#603);
#451=LINE('',#2352,#604);
#452=LINE('',#2353,#605);
#453=LINE('',#2356,#606);
#454=VECTOR('',#1547,10.);
#455=VECTOR('',#1550,10.);
#456=VECTOR('',#1555,10.);
#457=VECTOR('',#1558,10.);
#458=VECTOR('',#1563,10.);
#459=VECTOR('',#1564,10.);
#460=VECTOR('',#1567,10.);
#461=VECTOR('',#1568,10.);
#462=VECTOR('',#1573,10.);
#463=VECTOR('',#1574,10.);
#464=VECTOR('',#1575,10.);
#465=VECTOR('',#1576,10.);
#466=VECTOR('',#1577,10.);
#467=VECTOR('',#1578,10.);
#468=VECTOR('',#1581,10.);
#469=VECTOR('',#1582,10.);
#470=VECTOR('',#1585,10.);
#471=VECTOR('',#1586,10.);
#472=VECTOR('',#1591,10.);
#473=VECTOR('',#1592,10.);
#474=VECTOR('',#1593,10.);
#475=VECTOR('',#1594,10.);
#476=VECTOR('',#1597,10.);
#477=VECTOR('',#1598,10.);
#478=VECTOR('',#1599,10.);
#479=VECTOR('',#1600,10.);
#480=VECTOR('',#1603,10.);
#481=VECTOR('',#1604,10.);
#482=VECTOR('',#1605,10.);
#483=VECTOR('',#1608,10.);
#484=VECTOR('',#1609,10.);
#485=VECTOR('',#1610,10.);
#486=VECTOR('',#1613,10.);
#487=VECTOR('',#1614,10.);
#488=VECTOR('',#1627,10.);
#489=VECTOR('',#1628,10.);
#490=VECTOR('',#1639,10.);
#491=VECTOR('',#1640,10.);
#492=VECTOR('',#1651,10.);
#493=VECTOR('',#1652,10.);
#494=VECTOR('',#1661,10.);
#495=VECTOR('',#1662,10.);
#496=VECTOR('',#1665,10.);
#497=VECTOR('',#1666,10.);
#498=VECTOR('',#1667,10.);
#499=VECTOR('',#1670,10.);
#500=VECTOR('',#1675,10.);
#501=VECTOR('',#1676,10.);
#502=VECTOR('',#1677,10.);
#503=VECTOR('',#1678,10.);
#504=VECTOR('',#1679,10.);
#505=VECTOR('',#1680,10.);
#506=VECTOR('',#1683,10.);
#507=VECTOR('',#1696,10.);
#508=VECTOR('',#1699,10.);
#509=VECTOR('',#1702,10.);
#510=VECTOR('',#1705,10.);
#511=VECTOR('',#1708,10.);
#512=VECTOR('',#1709,10.);
#513=VECTOR('',#1710,10.);
#514=VECTOR('',#1711,10.);
#515=VECTOR('',#1714,10.);
#516=VECTOR('',#1719,10.);
#517=VECTOR('',#1720,10.);
#518=VECTOR('',#1721,10.);
#519=VECTOR('',#1722,10.);
#520=VECTOR('',#1725,10.);
#521=VECTOR('',#1726,10.);
#522=VECTOR('',#1727,10.);
#523=VECTOR('',#1730,10.);
#524=VECTOR('',#1731,10.);
#525=VECTOR('',#1732,10.);
#526=VECTOR('',#1735,10.);
#527=VECTOR('',#1736,10.);
#528=VECTOR('',#1737,10.);
#529=VECTOR('',#1740,10.);
#530=VECTOR('',#1741,10.);
#531=VECTOR('',#1742,10.);
#532=VECTOR('',#1745,10.);
#533=VECTOR('',#1746,10.);
#534=VECTOR('',#1751,10.);
#535=VECTOR('',#1752,10.);
#536=VECTOR('',#1753,10.);
#537=VECTOR('',#1754,10.);
#538=VECTOR('',#1757,10.);
#539=VECTOR('',#1758,10.);
#540=VECTOR('',#1759,10.);
#541=VECTOR('',#1762,10.);
#542=VECTOR('',#1763,10.);
#543=VECTOR('',#1764,10.);
#544=VECTOR('',#1767,10.);
#545=VECTOR('',#1768,10.);
#546=VECTOR('',#1769,10.);
#547=VECTOR('',#1772,10.);
#548=VECTOR('',#1773,10.);
#549=VECTOR('',#1774,10.);
#550=VECTOR('',#1777,10.);
#551=VECTOR('',#1778,10.);
#552=VECTOR('',#1783,10.);
#553=VECTOR('',#1784,10.);
#554=VECTOR('',#1785,10.);
#555=VECTOR('',#1788,10.);
#556=VECTOR('',#1789,10.);
#557=VECTOR('',#1790,10.);
#558=VECTOR('',#1793,10.);
#559=VECTOR('',#1794,10.);
#560=VECTOR('',#1795,10.);
#561=VECTOR('',#1798,10.);
#562=VECTOR('',#1799,10.);
#563=VECTOR('',#1800,10.);
#564=VECTOR('',#1803,10.);
#565=VECTOR('',#1804,10.);
#566=VECTOR('',#1805,10.);
#567=VECTOR('',#1808,10.);
#568=VECTOR('',#1809,10.);
#569=VECTOR('',#1812,10.);
#570=VECTOR('',#1813,10.);
#571=VECTOR('',#1816,10.);
#572=VECTOR('',#1819,10.);
#573=VECTOR('',#1820,10.);
#574=VECTOR('',#1821,10.);
#575=VECTOR('',#1824,10.);
#576=VECTOR('',#1825,10.);
#577=VECTOR('',#1828,10.);
#578=VECTOR('',#1829,10.);
#579=VECTOR('',#1832,10.);
#580=VECTOR('',#1837,1.7);
#581=VECTOR('',#1846,1.7);
#582=VECTOR('',#1855,1.7);
#583=VECTOR('',#1864,10.);
#584=VECTOR('',#1865,10.);
#585=VECTOR('',#1866,10.);
#586=VECTOR('',#1871,10.);
#587=VECTOR('',#1872,10.);
#588=VECTOR('',#1875,10.);
#589=VECTOR('',#1878,4.);
#590=VECTOR('',#1881,10.);
#591=VECTOR('',#1884,10.);
#592=VECTOR('',#1885,10.);
#593=VECTOR('',#1888,10.);
#594=VECTOR('',#1889,10.);
#595=VECTOR('',#1892,10.);
#596=VECTOR('',#1893,10.);
#597=VECTOR('',#1896,4.);
#598=VECTOR('',#1899,10.);
#599=VECTOR('',#1902,10.);
#600=VECTOR('',#1905,10.);
#601=VECTOR('',#1906,10.);
#602=VECTOR('',#1909,10.);
#603=VECTOR('',#1912,10.);
#604=VECTOR('',#1917,10.);
#605=VECTOR('',#1918,10.);
#606=VECTOR('',#1923,4.);
#607=VERTEX_POINT('',#1930);
#608=VERTEX_POINT('',#1931);
#609=VERTEX_POINT('',#1933);
#610=VERTEX_POINT('',#1935);
#611=VERTEX_POINT('',#1939);
#612=VERTEX_POINT('',#1940);
#613=VERTEX_POINT('',#1942);
#614=VERTEX_POINT('',#1944);
#615=VERTEX_POINT('',#1948);
#616=VERTEX_POINT('',#1950);
#617=VERTEX_POINT('',#1952);
#618=VERTEX_POINT('',#1954);
#619=VERTEX_POINT('',#1957);
#620=VERTEX_POINT('',#1960);
#621=VERTEX_POINT('',#1962);
#622=VERTEX_POINT('',#1964);
#623=VERTEX_POINT('',#1966);
#624=VERTEX_POINT('',#1968);
#625=VERTEX_POINT('',#1972);
#626=VERTEX_POINT('',#1974);
#627=VERTEX_POINT('',#1976);
#628=VERTEX_POINT('',#1978);
#629=VERTEX_POINT('',#1981);
#630=VERTEX_POINT('',#1984);
#631=VERTEX_POINT('',#1986);
#632=VERTEX_POINT('',#1988);
#633=VERTEX_POINT('',#1992);
#634=VERTEX_POINT('',#1993);
#635=VERTEX_POINT('',#1995);
#636=VERTEX_POINT('',#1997);
#637=VERTEX_POINT('',#2001);
#638=VERTEX_POINT('',#2003);
#639=VERTEX_POINT('',#2007);
#640=VERTEX_POINT('',#2009);
#641=VERTEX_POINT('',#2024);
#642=VERTEX_POINT('',#2025);
#643=VERTEX_POINT('',#2027);
#644=VERTEX_POINT('',#2029);
#645=VERTEX_POINT('',#2033);
#646=VERTEX_POINT('',#2034);
#647=VERTEX_POINT('',#2047);
#648=VERTEX_POINT('',#2048);
#649=VERTEX_POINT('',#2053);
#650=VERTEX_POINT('',#2054);
#651=VERTEX_POINT('',#2067);
#652=VERTEX_POINT('',#2068);
#653=VERTEX_POINT('',#2073);
#654=VERTEX_POINT('',#2074);
#655=VERTEX_POINT('',#2087);
#656=VERTEX_POINT('',#2088);
#657=VERTEX_POINT('',#2096);
#658=VERTEX_POINT('',#2098);
#659=VERTEX_POINT('',#2102);
#660=VERTEX_POINT('',#2106);
#661=VERTEX_POINT('',#2109);
#662=VERTEX_POINT('',#2110);
#663=VERTEX_POINT('',#2112);
#664=VERTEX_POINT('',#2114);
#665=VERTEX_POINT('',#2118);
#666=VERTEX_POINT('',#2122);
#667=VERTEX_POINT('',#2124);
#668=VERTEX_POINT('',#2126);
#669=VERTEX_POINT('',#2129);
#670=VERTEX_POINT('',#2131);
#671=VERTEX_POINT('',#2137);
#672=VERTEX_POINT('',#2140);
#673=VERTEX_POINT('',#2143);
#674=VERTEX_POINT('',#2150);
#675=VERTEX_POINT('',#2151);
#676=VERTEX_POINT('',#2153);
#677=VERTEX_POINT('',#2155);
#678=VERTEX_POINT('',#2159);
#679=VERTEX_POINT('',#2161);
#680=VERTEX_POINT('',#2165);
#681=VERTEX_POINT('',#2167);
#682=VERTEX_POINT('',#2171);
#683=VERTEX_POINT('',#2173);
#684=VERTEX_POINT('',#2177);
#685=VERTEX_POINT('',#2179);
#686=VERTEX_POINT('',#2187);
#687=VERTEX_POINT('',#2188);
#688=VERTEX_POINT('',#2190);
#689=VERTEX_POINT('',#2192);
#690=VERTEX_POINT('',#2196);
#691=VERTEX_POINT('',#2198);
#692=VERTEX_POINT('',#2202);
#693=VERTEX_POINT('',#2204);
#694=VERTEX_POINT('',#2208);
#695=VERTEX_POINT('',#2210);
#696=VERTEX_POINT('',#2214);
#697=VERTEX_POINT('',#2216);
#698=VERTEX_POINT('',#2224);
#699=VERTEX_POINT('',#2226);
#700=VERTEX_POINT('',#2230);
#701=VERTEX_POINT('',#2232);
#702=VERTEX_POINT('',#2236);
#703=VERTEX_POINT('',#2237);
#704=VERTEX_POINT('',#2242);
#705=VERTEX_POINT('',#2244);
#706=VERTEX_POINT('',#2248);
#707=VERTEX_POINT('',#2250);
#708=VERTEX_POINT('',#2254);
#709=VERTEX_POINT('',#2258);
#710=VERTEX_POINT('',#2264);
#711=VERTEX_POINT('',#2266);
#712=VERTEX_POINT('',#2270);
#713=VERTEX_POINT('',#2274);
#714=VERTEX_POINT('',#2280);
#715=VERTEX_POINT('',#2282);
#716=VERTEX_POINT('',#2286);
#717=VERTEX_POINT('',#2289);
#718=VERTEX_POINT('',#2293);
#719=VERTEX_POINT('',#2296);
#720=VERTEX_POINT('',#2300);
#721=VERTEX_POINT('',#2303);
#722=VERTEX_POINT('',#2305);
#723=VERTEX_POINT('',#2309);
#724=VERTEX_POINT('',#2310);
#725=VERTEX_POINT('',#2322);
#726=VERTEX_POINT('',#2324);
#727=VERTEX_POINT('',#2327);
#728=VERTEX_POINT('',#2329);
#729=VERTEX_POINT('',#2331);
#730=VERTEX_POINT('',#2337);
#731=VERTEX_POINT('',#2339);
#732=VERTEX_POINT('',#2343);
#733=EDGE_CURVE('',#607,#608,#301,.T.);
#734=EDGE_CURVE('',#609,#607,#259,.T.);
#735=EDGE_CURVE('',#610,#609,#302,.T.);
#736=EDGE_CURVE('',#608,#610,#260,.T.);
#737=EDGE_CURVE('',#611,#612,#303,.T.);
#738=EDGE_CURVE('',#613,#611,#261,.T.);
#739=EDGE_CURVE('',#614,#613,#304,.T.);
#740=EDGE_CURVE('',#612,#614,#262,.T.);
#741=EDGE_CURVE('',#615,#610,#305,.T.);
#742=EDGE_CURVE('',#615,#616,#306,.T.);
#743=EDGE_CURVE('',#616,#617,#263,.T.);
#744=EDGE_CURVE('',#617,#618,#307,.T.);
#745=EDGE_CURVE('',#608,#618,#308,.T.);
#746=EDGE_CURVE('',#619,#619,#264,.T.);
#747=EDGE_CURVE('',#620,#609,#309,.T.);
#748=EDGE_CURVE('',#621,#620,#310,.T.);
#749=EDGE_CURVE('',#621,#622,#311,.T.);
#750=EDGE_CURVE('',#623,#622,#312,.T.);
#751=EDGE_CURVE('',#624,#623,#313,.T.);
#752=EDGE_CURVE('',#615,#624,#314,.T.);
#753=EDGE_CURVE('',#625,#614,#315,.T.);
#754=EDGE_CURVE('',#625,#626,#316,.T.);
#755=EDGE_CURVE('',#626,#627,#265,.T.);
#756=EDGE_CURVE('',#627,#628,#317,.T.);
#757=EDGE_CURVE('',#612,#628,#318,.T.);
#758=EDGE_CURVE('',#629,#629,#266,.T.);
#759=EDGE_CURVE('',#630,#613,#319,.T.);
#760=EDGE_CURVE('',#631,#630,#320,.T.);
#761=EDGE_CURVE('',#632,#631,#321,.T.);
#762=EDGE_CURVE('',#632,#625,#322,.T.);
#763=EDGE_CURVE('',#633,#634,#323,.T.);
#764=EDGE_CURVE('',#633,#635,#324,.T.);
#765=EDGE_CURVE('',#636,#635,#325,.T.);
#766=EDGE_CURVE('',#634,#636,#326,.T.);
#767=EDGE_CURVE('',#634,#637,#327,.T.);
#768=EDGE_CURVE('',#638,#636,#328,.T.);
#769=EDGE_CURVE('',#637,#638,#329,.T.);
#770=EDGE_CURVE('',#637,#639,#330,.T.);
#771=EDGE_CURVE('',#640,#638,#331,.T.);
#772=EDGE_CURVE('',#639,#640,#332,.T.);
#773=EDGE_CURVE('',#639,#633,#333,.T.);
#774=EDGE_CURVE('',#635,#640,#334,.T.);
#775=EDGE_CURVE('',#641,#642,#267,.T.);
#776=EDGE_CURVE('',#642,#643,#268,.T.);
#777=EDGE_CURVE('',#643,#644,#269,.T.);
#778=EDGE_CURVE('',#644,#641,#270,.T.);
#779=EDGE_CURVE('',#645,#646,#271,.T.);
#780=EDGE_CURVE('',#646,#644,#335,.T.);
#781=EDGE_CURVE('',#643,#645,#336,.T.);
#782=EDGE_CURVE('',#647,#648,#272,.T.);
#783=EDGE_CURVE('',#648,#646,#273,.T.);
#784=EDGE_CURVE('',#645,#647,#274,.T.);
#785=EDGE_CURVE('',#649,#650,#275,.T.);
#786=EDGE_CURVE('',#650,#648,#337,.T.);
#787=EDGE_CURVE('',#647,#649,#338,.T.);
#788=EDGE_CURVE('',#651,#652,#276,.T.);
#789=EDGE_CURVE('',#652,#650,#277,.T.);
#790=EDGE_CURVE('',#649,#651,#278,.T.);
#791=EDGE_CURVE('',#653,#654,#279,.T.);
#792=EDGE_CURVE('',#654,#652,#339,.T.);
#793=EDGE_CURVE('',#651,#653,#340,.T.);
#794=EDGE_CURVE('',#655,#656,#280,.T.);
#795=EDGE_CURVE('',#656,#654,#281,.T.);
#796=EDGE_CURVE('',#653,#655,#282,.T.);
#797=EDGE_CURVE('',#655,#642,#341,.T.);
#798=EDGE_CURVE('',#641,#656,#342,.T.);
#799=EDGE_CURVE('',#657,#654,#343,.T.);
#800=EDGE_CURVE('',#658,#657,#344,.T.);
#801=EDGE_CURVE('',#652,#658,#345,.T.);
#802=EDGE_CURVE('',#656,#659,#346,.T.);
#803=EDGE_CURVE('',#659,#657,#283,.T.);
#804=EDGE_CURVE('',#660,#641,#347,.T.);
#805=EDGE_CURVE('',#659,#660,#348,.T.);
#806=EDGE_CURVE('',#661,#662,#349,.T.);
#807=EDGE_CURVE('',#663,#661,#350,.T.);
#808=EDGE_CURVE('',#664,#663,#351,.T.);
#809=EDGE_CURVE('',#662,#664,#352,.T.);
#810=EDGE_CURVE('',#644,#665,#353,.T.);
#811=EDGE_CURVE('',#665,#660,#284,.T.);
#812=EDGE_CURVE('',#666,#666,#285,.T.);
#813=EDGE_CURVE('',#667,#667,#286,.T.);
#814=EDGE_CURVE('',#668,#668,#287,.T.);
#815=EDGE_CURVE('',#648,#669,#354,.T.);
#816=EDGE_CURVE('',#669,#670,#288,.T.);
#817=EDGE_CURVE('',#670,#646,#355,.T.);
#818=EDGE_CURVE('',#665,#670,#356,.T.);
#819=EDGE_CURVE('',#669,#671,#357,.T.);
#820=EDGE_CURVE('',#658,#671,#289,.T.);
#821=EDGE_CURVE('',#607,#672,#358,.T.);
#822=EDGE_CURVE('',#672,#630,#359,.T.);
#823=EDGE_CURVE('',#611,#673,#360,.T.);
#824=EDGE_CURVE('',#673,#620,#361,.T.);
#825=EDGE_CURVE('',#671,#650,#362,.T.);
#826=EDGE_CURVE('',#674,#675,#363,.T.);
#827=EDGE_CURVE('',#674,#676,#364,.T.);
#828=EDGE_CURVE('',#677,#676,#365,.T.);
#829=EDGE_CURVE('',#675,#677,#366,.T.);
#830=EDGE_CURVE('',#675,#678,#367,.T.);
#831=EDGE_CURVE('',#679,#677,#368,.T.);
#832=EDGE_CURVE('',#678,#679,#369,.T.);
#833=EDGE_CURVE('',#678,#680,#370,.T.);
#834=EDGE_CURVE('',#681,#679,#371,.T.);
#835=EDGE_CURVE('',#680,#681,#372,.T.);
#836=EDGE_CURVE('',#680,#682,#373,.T.);
#837=EDGE_CURVE('',#683,#681,#374,.T.);
#838=EDGE_CURVE('',#682,#683,#375,.T.);
#839=EDGE_CURVE('',#682,#684,#376,.T.);
#840=EDGE_CURVE('',#685,#683,#377,.T.);
#841=EDGE_CURVE('',#684,#685,#378,.T.);
#842=EDGE_CURVE('',#684,#674,#379,.T.);
#843=EDGE_CURVE('',#676,#685,#380,.T.);
#844=EDGE_CURVE('',#686,#687,#381,.T.);
#845=EDGE_CURVE('',#686,#688,#382,.T.);
#846=EDGE_CURVE('',#689,#688,#383,.T.);
#847=EDGE_CURVE('',#687,#689,#384,.T.);
#848=EDGE_CURVE('',#687,#690,#385,.T.);
#849=EDGE_CURVE('',#691,#689,#386,.T.);
#850=EDGE_CURVE('',#690,#691,#387,.T.);
#851=EDGE_CURVE('',#690,#692,#388,.T.);
#852=EDGE_CURVE('',#693,#691,#389,.T.);
#853=EDGE_CURVE('',#692,#693,#390,.T.);
#854=EDGE_CURVE('',#692,#694,#391,.T.);
#855=EDGE_CURVE('',#695,#693,#392,.T.);
#856=EDGE_CURVE('',#694,#695,#393,.T.);
#857=EDGE_CURVE('',#694,#696,#394,.T.);
#858=EDGE_CURVE('',#697,#695,#395,.T.);
#859=EDGE_CURVE('',#696,#697,#396,.T.);
#860=EDGE_CURVE('',#696,#686,#397,.T.);
#861=EDGE_CURVE('',#688,#697,#398,.T.);
#862=EDGE_CURVE('',#624,#698,#399,.T.);
#863=EDGE_CURVE('',#623,#699,#400,.F.);
#864=EDGE_CURVE('',#699,#698,#401,.T.);
#865=EDGE_CURVE('',#699,#700,#402,.T.);
#866=EDGE_CURVE('',#700,#701,#403,.T.);
#867=EDGE_CURVE('',#698,#701,#404,.T.);
#868=EDGE_CURVE('',#702,#703,#405,.T.);
#869=EDGE_CURVE('',#701,#702,#406,.T.);
#870=EDGE_CURVE('',#703,#700,#407,.T.);
#871=EDGE_CURVE('',#618,#704,#408,.T.);
#872=EDGE_CURVE('',#705,#704,#409,.T.);
#873=EDGE_CURVE('',#705,#672,#410,.T.);
#874=EDGE_CURVE('',#662,#706,#411,.T.);
#875=EDGE_CURVE('',#706,#707,#412,.T.);
#876=EDGE_CURVE('',#707,#661,#413,.T.);
#877=EDGE_CURVE('',#664,#708,#414,.T.);
#878=EDGE_CURVE('',#708,#706,#415,.T.);
#879=EDGE_CURVE('',#709,#708,#416,.T.);
#880=EDGE_CURVE('',#663,#709,#417,.T.);
#881=EDGE_CURVE('',#707,#709,#418,.T.);
#882=EDGE_CURVE('',#707,#710,#419,.T.);
#883=EDGE_CURVE('',#711,#710,#420,.T.);
#884=EDGE_CURVE('',#709,#711,#421,.T.);
#885=EDGE_CURVE('',#706,#712,#422,.T.);
#886=EDGE_CURVE('',#710,#712,#423,.T.);
#887=EDGE_CURVE('',#713,#711,#424,.T.);
#888=EDGE_CURVE('',#708,#713,#425,.T.);
#889=EDGE_CURVE('',#712,#713,#426,.T.);
#890=EDGE_CURVE('',#714,#714,#290,.T.);
#891=EDGE_CURVE('',#714,#715,#427,.T.);
#892=EDGE_CURVE('',#715,#715,#291,.T.);
#893=EDGE_CURVE('',#716,#716,#292,.T.);
#894=EDGE_CURVE('',#619,#717,#428,.T.);
#895=EDGE_CURVE('',#717,#717,#293,.T.);
#896=EDGE_CURVE('',#718,#718,#294,.T.);
#897=EDGE_CURVE('',#629,#719,#429,.T.);
#898=EDGE_CURVE('',#719,#719,#295,.T.);
#899=EDGE_CURVE('',#720,#720,#296,.T.);
#900=EDGE_CURVE('',#628,#721,#430,.T.);
#901=EDGE_CURVE('',#722,#721,#431,.T.);
#902=EDGE_CURVE('',#722,#673,#432,.T.);
#903=EDGE_CURVE('',#723,#724,#297,.T.);
#904=EDGE_CURVE('',#723,#627,#433,.T.);
#905=EDGE_CURVE('',#724,#626,#434,.T.);
#906=EDGE_CURVE('',#724,#632,#435,.T.);
#907=EDGE_CURVE('',#720,#668,#436,.T.);
#908=EDGE_CURVE('',#721,#723,#437,.T.);
#909=EDGE_CURVE('',#631,#705,#438,.T.);
#910=EDGE_CURVE('',#704,#725,#439,.T.);
#911=EDGE_CURVE('',#725,#726,#298,.T.);
#912=EDGE_CURVE('',#726,#702,#440,.T.);
#913=EDGE_CURVE('',#727,#703,#441,.T.);
#914=EDGE_CURVE('',#727,#728,#299,.T.);
#915=EDGE_CURVE('',#728,#729,#442,.T.);
#916=EDGE_CURVE('',#729,#722,#443,.T.);
#917=EDGE_CURVE('',#716,#666,#444,.T.);
#918=EDGE_CURVE('',#727,#730,#445,.T.);
#919=EDGE_CURVE('',#731,#730,#300,.T.);
#920=EDGE_CURVE('',#728,#731,#446,.T.);
#921=EDGE_CURVE('',#732,#731,#447,.T.);
#922=EDGE_CURVE('',#729,#732,#448,.T.);
#923=EDGE_CURVE('',#730,#622,#449,.T.);
#924=EDGE_CURVE('',#732,#621,#450,.T.);
#925=EDGE_CURVE('',#725,#617,#451,.T.);
#926=EDGE_CURVE('',#726,#616,#452,.T.);
#927=EDGE_CURVE('',#718,#667,#453,.T.);
#928=ORIENTED_EDGE('',*,*,#733,.F.);
#929=ORIENTED_EDGE('',*,*,#734,.F.);
#930=ORIENTED_EDGE('',*,*,#735,.F.);
#931=ORIENTED_EDGE('',*,*,#736,.F.);
#932=ORIENTED_EDGE('',*,*,#737,.F.);
#933=ORIENTED_EDGE('',*,*,#738,.F.);
#934=ORIENTED_EDGE('',*,*,#739,.F.);
#935=ORIENTED_EDGE('',*,*,#740,.F.);
#936=ORIENTED_EDGE('',*,*,#741,.F.);
#937=ORIENTED_EDGE('',*,*,#742,.T.);
#938=ORIENTED_EDGE('',*,*,#743,.T.);
#939=ORIENTED_EDGE('',*,*,#744,.T.);
#940=ORIENTED_EDGE('',*,*,#745,.F.);
#941=ORIENTED_EDGE('',*,*,#736,.T.);
#942=ORIENTED_EDGE('',*,*,#746,.T.);
#943=ORIENTED_EDGE('',*,*,#735,.T.);
#944=ORIENTED_EDGE('',*,*,#747,.F.);
#945=ORIENTED_EDGE('',*,*,#748,.F.);
#946=ORIENTED_EDGE('',*,*,#749,.T.);
#947=ORIENTED_EDGE('',*,*,#750,.F.);
#948=ORIENTED_EDGE('',*,*,#751,.F.);
#949=ORIENTED_EDGE('',*,*,#752,.F.);
#950=ORIENTED_EDGE('',*,*,#741,.T.);
#951=ORIENTED_EDGE('',*,*,#753,.F.);
#952=ORIENTED_EDGE('',*,*,#754,.T.);
#953=ORIENTED_EDGE('',*,*,#755,.T.);
#954=ORIENTED_EDGE('',*,*,#756,.T.);
#955=ORIENTED_EDGE('',*,*,#757,.F.);
#956=ORIENTED_EDGE('',*,*,#740,.T.);
#957=ORIENTED_EDGE('',*,*,#758,.T.);
#958=ORIENTED_EDGE('',*,*,#739,.T.);
#959=ORIENTED_EDGE('',*,*,#759,.F.);
#960=ORIENTED_EDGE('',*,*,#760,.F.);
#961=ORIENTED_EDGE('',*,*,#761,.F.);
#962=ORIENTED_EDGE('',*,*,#762,.T.);
#963=ORIENTED_EDGE('',*,*,#753,.T.);
#964=ORIENTED_EDGE('',*,*,#763,.F.);
#965=ORIENTED_EDGE('',*,*,#764,.T.);
#966=ORIENTED_EDGE('',*,*,#765,.F.);
#967=ORIENTED_EDGE('',*,*,#766,.F.);
#968=ORIENTED_EDGE('',*,*,#767,.F.);
#969=ORIENTED_EDGE('',*,*,#766,.T.);
#970=ORIENTED_EDGE('',*,*,#768,.F.);
#971=ORIENTED_EDGE('',*,*,#769,.F.);
#972=ORIENTED_EDGE('',*,*,#770,.F.);
#973=ORIENTED_EDGE('',*,*,#769,.T.);
#974=ORIENTED_EDGE('',*,*,#771,.F.);
#975=ORIENTED_EDGE('',*,*,#772,.F.);
#976=ORIENTED_EDGE('',*,*,#773,.F.);
#977=ORIENTED_EDGE('',*,*,#772,.T.);
#978=ORIENTED_EDGE('',*,*,#774,.F.);
#979=ORIENTED_EDGE('',*,*,#764,.F.);
#980=ORIENTED_EDGE('',*,*,#775,.T.);
#981=ORIENTED_EDGE('',*,*,#776,.T.);
#982=ORIENTED_EDGE('',*,*,#777,.T.);
#983=ORIENTED_EDGE('',*,*,#778,.T.);
#984=ORIENTED_EDGE('',*,*,#779,.T.);
#985=ORIENTED_EDGE('',*,*,#780,.T.);
#986=ORIENTED_EDGE('',*,*,#777,.F.);
#987=ORIENTED_EDGE('',*,*,#781,.T.);
#988=ORIENTED_EDGE('',*,*,#782,.T.);
#989=ORIENTED_EDGE('',*,*,#783,.T.);
#990=ORIENTED_EDGE('',*,*,#779,.F.);
#991=ORIENTED_EDGE('',*,*,#784,.T.);
#992=ORIENTED_EDGE('',*,*,#785,.T.);
#993=ORIENTED_EDGE('',*,*,#786,.T.);
#994=ORIENTED_EDGE('',*,*,#782,.F.);
#995=ORIENTED_EDGE('',*,*,#787,.T.);
#996=ORIENTED_EDGE('',*,*,#788,.T.);
#997=ORIENTED_EDGE('',*,*,#789,.T.);
#998=ORIENTED_EDGE('',*,*,#785,.F.);
#999=ORIENTED_EDGE('',*,*,#790,.T.);
#1000=ORIENTED_EDGE('',*,*,#791,.T.);
#1001=ORIENTED_EDGE('',*,*,#792,.T.);
#1002=ORIENTED_EDGE('',*,*,#788,.F.);
#1003=ORIENTED_EDGE('',*,*,#793,.T.);
#1004=ORIENTED_EDGE('',*,*,#794,.T.);
#1005=ORIENTED_EDGE('',*,*,#795,.T.);
#1006=ORIENTED_EDGE('',*,*,#791,.F.);
#1007=ORIENTED_EDGE('',*,*,#796,.T.);
#1008=ORIENTED_EDGE('',*,*,#794,.F.);
#1009=ORIENTED_EDGE('',*,*,#797,.T.);
#1010=ORIENTED_EDGE('',*,*,#775,.F.);
#1011=ORIENTED_EDGE('',*,*,#798,.T.);
#1012=ORIENTED_EDGE('',*,*,#792,.F.);
#1013=ORIENTED_EDGE('',*,*,#799,.F.);
#1014=ORIENTED_EDGE('',*,*,#800,.F.);
#1015=ORIENTED_EDGE('',*,*,#801,.F.);
#1016=ORIENTED_EDGE('',*,*,#770,.T.);
#1017=ORIENTED_EDGE('',*,*,#773,.T.);
#1018=ORIENTED_EDGE('',*,*,#763,.T.);
#1019=ORIENTED_EDGE('',*,*,#767,.T.);
#1020=ORIENTED_EDGE('',*,*,#795,.F.);
#1021=ORIENTED_EDGE('',*,*,#802,.T.);
#1022=ORIENTED_EDGE('',*,*,#803,.T.);
#1023=ORIENTED_EDGE('',*,*,#799,.T.);
#1024=ORIENTED_EDGE('',*,*,#798,.F.);
#1025=ORIENTED_EDGE('',*,*,#804,.F.);
#1026=ORIENTED_EDGE('',*,*,#805,.F.);
#1027=ORIENTED_EDGE('',*,*,#802,.F.);
#1028=ORIENTED_EDGE('',*,*,#806,.F.);
#1029=ORIENTED_EDGE('',*,*,#807,.F.);
#1030=ORIENTED_EDGE('',*,*,#808,.F.);
#1031=ORIENTED_EDGE('',*,*,#809,.F.);
#1032=ORIENTED_EDGE('',*,*,#778,.F.);
#1033=ORIENTED_EDGE('',*,*,#810,.T.);
#1034=ORIENTED_EDGE('',*,*,#811,.T.);
#1035=ORIENTED_EDGE('',*,*,#804,.T.);
#1036=ORIENTED_EDGE('',*,*,#776,.F.);
#1037=ORIENTED_EDGE('',*,*,#797,.F.);
#1038=ORIENTED_EDGE('',*,*,#796,.F.);
#1039=ORIENTED_EDGE('',*,*,#793,.F.);
#1040=ORIENTED_EDGE('',*,*,#790,.F.);
#1041=ORIENTED_EDGE('',*,*,#787,.F.);
#1042=ORIENTED_EDGE('',*,*,#784,.F.);
#1043=ORIENTED_EDGE('',*,*,#781,.F.);
#1044=ORIENTED_EDGE('',*,*,#812,.T.);
#1045=ORIENTED_EDGE('',*,*,#813,.T.);
#1046=ORIENTED_EDGE('',*,*,#814,.T.);
#1047=ORIENTED_EDGE('',*,*,#783,.F.);
#1048=ORIENTED_EDGE('',*,*,#815,.T.);
#1049=ORIENTED_EDGE('',*,*,#816,.T.);
#1050=ORIENTED_EDGE('',*,*,#817,.T.);
#1051=ORIENTED_EDGE('',*,*,#780,.F.);
#1052=ORIENTED_EDGE('',*,*,#817,.F.);
#1053=ORIENTED_EDGE('',*,*,#818,.F.);
#1054=ORIENTED_EDGE('',*,*,#810,.F.);
#1055=ORIENTED_EDGE('',*,*,#816,.F.);
#1056=ORIENTED_EDGE('',*,*,#819,.T.);
#1057=ORIENTED_EDGE('',*,*,#820,.F.);
#1058=ORIENTED_EDGE('',*,*,#800,.T.);
#1059=ORIENTED_EDGE('',*,*,#803,.F.);
#1060=ORIENTED_EDGE('',*,*,#805,.T.);
#1061=ORIENTED_EDGE('',*,*,#811,.F.);
#1062=ORIENTED_EDGE('',*,*,#818,.T.);
#1063=ORIENTED_EDGE('',*,*,#734,.T.);
#1064=ORIENTED_EDGE('',*,*,#821,.T.);
#1065=ORIENTED_EDGE('',*,*,#822,.T.);
#1066=ORIENTED_EDGE('',*,*,#759,.T.);
#1067=ORIENTED_EDGE('',*,*,#738,.T.);
#1068=ORIENTED_EDGE('',*,*,#823,.T.);
#1069=ORIENTED_EDGE('',*,*,#824,.T.);
#1070=ORIENTED_EDGE('',*,*,#747,.T.);
#1071=ORIENTED_EDGE('',*,*,#789,.F.);
#1072=ORIENTED_EDGE('',*,*,#801,.T.);
#1073=ORIENTED_EDGE('',*,*,#820,.T.);
#1074=ORIENTED_EDGE('',*,*,#825,.T.);
#1075=ORIENTED_EDGE('',*,*,#786,.F.);
#1076=ORIENTED_EDGE('',*,*,#825,.F.);
#1077=ORIENTED_EDGE('',*,*,#819,.F.);
#1078=ORIENTED_EDGE('',*,*,#815,.F.);
#1079=ORIENTED_EDGE('',*,*,#826,.F.);
#1080=ORIENTED_EDGE('',*,*,#827,.T.);
#1081=ORIENTED_EDGE('',*,*,#828,.F.);
#1082=ORIENTED_EDGE('',*,*,#829,.F.);
#1083=ORIENTED_EDGE('',*,*,#830,.F.);
#1084=ORIENTED_EDGE('',*,*,#829,.T.);
#1085=ORIENTED_EDGE('',*,*,#831,.F.);
#1086=ORIENTED_EDGE('',*,*,#832,.F.);
#1087=ORIENTED_EDGE('',*,*,#833,.F.);
#1088=ORIENTED_EDGE('',*,*,#832,.T.);
#1089=ORIENTED_EDGE('',*,*,#834,.F.);
#1090=ORIENTED_EDGE('',*,*,#835,.F.);
#1091=ORIENTED_EDGE('',*,*,#836,.F.);
#1092=ORIENTED_EDGE('',*,*,#835,.T.);
#1093=ORIENTED_EDGE('',*,*,#837,.F.);
#1094=ORIENTED_EDGE('',*,*,#838,.F.);
#1095=ORIENTED_EDGE('',*,*,#839,.F.);
#1096=ORIENTED_EDGE('',*,*,#838,.T.);
#1097=ORIENTED_EDGE('',*,*,#840,.F.);
#1098=ORIENTED_EDGE('',*,*,#841,.F.);
#1099=ORIENTED_EDGE('',*,*,#842,.F.);
#1100=ORIENTED_EDGE('',*,*,#841,.T.);
#1101=ORIENTED_EDGE('',*,*,#843,.F.);
#1102=ORIENTED_EDGE('',*,*,#827,.F.);
#1103=ORIENTED_EDGE('',*,*,#843,.T.);
#1104=ORIENTED_EDGE('',*,*,#840,.T.);
#1105=ORIENTED_EDGE('',*,*,#837,.T.);
#1106=ORIENTED_EDGE('',*,*,#834,.T.);
#1107=ORIENTED_EDGE('',*,*,#831,.T.);
#1108=ORIENTED_EDGE('',*,*,#828,.T.);
#1109=ORIENTED_EDGE('',*,*,#844,.F.);
#1110=ORIENTED_EDGE('',*,*,#845,.T.);
#1111=ORIENTED_EDGE('',*,*,#846,.F.);
#1112=ORIENTED_EDGE('',*,*,#847,.F.);
#1113=ORIENTED_EDGE('',*,*,#848,.F.);
#1114=ORIENTED_EDGE('',*,*,#847,.T.);
#1115=ORIENTED_EDGE('',*,*,#849,.F.);
#1116=ORIENTED_EDGE('',*,*,#850,.F.);
#1117=ORIENTED_EDGE('',*,*,#851,.F.);
#1118=ORIENTED_EDGE('',*,*,#850,.T.);
#1119=ORIENTED_EDGE('',*,*,#852,.F.);
#1120=ORIENTED_EDGE('',*,*,#853,.F.);
#1121=ORIENTED_EDGE('',*,*,#854,.F.);
#1122=ORIENTED_EDGE('',*,*,#853,.T.);
#1123=ORIENTED_EDGE('',*,*,#855,.F.);
#1124=ORIENTED_EDGE('',*,*,#856,.F.);
#1125=ORIENTED_EDGE('',*,*,#857,.F.);
#1126=ORIENTED_EDGE('',*,*,#856,.T.);
#1127=ORIENTED_EDGE('',*,*,#858,.F.);
#1128=ORIENTED_EDGE('',*,*,#859,.F.);
#1129=ORIENTED_EDGE('',*,*,#860,.F.);
#1130=ORIENTED_EDGE('',*,*,#859,.T.);
#1131=ORIENTED_EDGE('',*,*,#861,.F.);
#1132=ORIENTED_EDGE('',*,*,#845,.F.);
#1133=ORIENTED_EDGE('',*,*,#861,.T.);
#1134=ORIENTED_EDGE('',*,*,#858,.T.);
#1135=ORIENTED_EDGE('',*,*,#855,.T.);
#1136=ORIENTED_EDGE('',*,*,#852,.T.);
#1137=ORIENTED_EDGE('',*,*,#849,.T.);
#1138=ORIENTED_EDGE('',*,*,#846,.T.);
#1139=ORIENTED_EDGE('',*,*,#862,.F.);
#1140=ORIENTED_EDGE('',*,*,#751,.T.);
#1141=ORIENTED_EDGE('',*,*,#863,.T.);
#1142=ORIENTED_EDGE('',*,*,#864,.T.);
#1143=ORIENTED_EDGE('',*,*,#864,.F.);
#1144=ORIENTED_EDGE('',*,*,#865,.T.);
#1145=ORIENTED_EDGE('',*,*,#866,.T.);
#1146=ORIENTED_EDGE('',*,*,#867,.F.);
#1147=ORIENTED_EDGE('',*,*,#868,.F.);
#1148=ORIENTED_EDGE('',*,*,#869,.F.);
#1149=ORIENTED_EDGE('',*,*,#866,.F.);
#1150=ORIENTED_EDGE('',*,*,#870,.F.);
#1151=ORIENTED_EDGE('',*,*,#733,.T.);
#1152=ORIENTED_EDGE('',*,*,#745,.T.);
#1153=ORIENTED_EDGE('',*,*,#871,.T.);
#1154=ORIENTED_EDGE('',*,*,#872,.F.);
#1155=ORIENTED_EDGE('',*,*,#873,.T.);
#1156=ORIENTED_EDGE('',*,*,#821,.F.);
#1157=ORIENTED_EDGE('',*,*,#806,.T.);
#1158=ORIENTED_EDGE('',*,*,#874,.T.);
#1159=ORIENTED_EDGE('',*,*,#875,.T.);
#1160=ORIENTED_EDGE('',*,*,#876,.T.);
#1161=ORIENTED_EDGE('',*,*,#809,.T.);
#1162=ORIENTED_EDGE('',*,*,#877,.T.);
#1163=ORIENTED_EDGE('',*,*,#878,.T.);
#1164=ORIENTED_EDGE('',*,*,#874,.F.);
#1165=ORIENTED_EDGE('',*,*,#879,.T.);
#1166=ORIENTED_EDGE('',*,*,#877,.F.);
#1167=ORIENTED_EDGE('',*,*,#808,.T.);
#1168=ORIENTED_EDGE('',*,*,#880,.T.);
#1169=ORIENTED_EDGE('',*,*,#807,.T.);
#1170=ORIENTED_EDGE('',*,*,#876,.F.);
#1171=ORIENTED_EDGE('',*,*,#881,.T.);
#1172=ORIENTED_EDGE('',*,*,#880,.F.);
#1173=ORIENTED_EDGE('',*,*,#881,.F.);
#1174=ORIENTED_EDGE('',*,*,#882,.T.);
#1175=ORIENTED_EDGE('',*,*,#883,.F.);
#1176=ORIENTED_EDGE('',*,*,#884,.F.);
#1177=ORIENTED_EDGE('',*,*,#875,.F.);
#1178=ORIENTED_EDGE('',*,*,#885,.T.);
#1179=ORIENTED_EDGE('',*,*,#886,.F.);
#1180=ORIENTED_EDGE('',*,*,#882,.F.);
#1181=ORIENTED_EDGE('',*,*,#879,.F.);
#1182=ORIENTED_EDGE('',*,*,#884,.T.);
#1183=ORIENTED_EDGE('',*,*,#887,.F.);
#1184=ORIENTED_EDGE('',*,*,#888,.F.);
#1185=ORIENTED_EDGE('',*,*,#878,.F.);
#1186=ORIENTED_EDGE('',*,*,#888,.T.);
#1187=ORIENTED_EDGE('',*,*,#889,.F.);
#1188=ORIENTED_EDGE('',*,*,#885,.F.);
#1189=ORIENTED_EDGE('',*,*,#890,.F.);
#1190=ORIENTED_EDGE('',*,*,#891,.T.);
#1191=ORIENTED_EDGE('',*,*,#892,.T.);
#1192=ORIENTED_EDGE('',*,*,#891,.F.);
#1193=ORIENTED_EDGE('',*,*,#893,.F.);
#1194=ORIENTED_EDGE('',*,*,#892,.F.);
#1195=ORIENTED_EDGE('',*,*,#746,.F.);
#1196=ORIENTED_EDGE('',*,*,#894,.T.);
#1197=ORIENTED_EDGE('',*,*,#895,.T.);
#1198=ORIENTED_EDGE('',*,*,#894,.F.);
#1199=ORIENTED_EDGE('',*,*,#896,.F.);
#1200=ORIENTED_EDGE('',*,*,#895,.F.);
#1201=ORIENTED_EDGE('',*,*,#758,.F.);
#1202=ORIENTED_EDGE('',*,*,#897,.T.);
#1203=ORIENTED_EDGE('',*,*,#898,.T.);
#1204=ORIENTED_EDGE('',*,*,#897,.F.);
#1205=ORIENTED_EDGE('',*,*,#899,.F.);
#1206=ORIENTED_EDGE('',*,*,#898,.F.);
#1207=ORIENTED_EDGE('',*,*,#737,.T.);
#1208=ORIENTED_EDGE('',*,*,#757,.T.);
#1209=ORIENTED_EDGE('',*,*,#900,.T.);
#1210=ORIENTED_EDGE('',*,*,#901,.F.);
#1211=ORIENTED_EDGE('',*,*,#902,.T.);
#1212=ORIENTED_EDGE('',*,*,#823,.F.);
#1213=ORIENTED_EDGE('',*,*,#771,.T.);
#1214=ORIENTED_EDGE('',*,*,#768,.T.);
#1215=ORIENTED_EDGE('',*,*,#765,.T.);
#1216=ORIENTED_EDGE('',*,*,#774,.T.);
#1217=ORIENTED_EDGE('',*,*,#903,.F.);
#1218=ORIENTED_EDGE('',*,*,#904,.T.);
#1219=ORIENTED_EDGE('',*,*,#755,.F.);
#1220=ORIENTED_EDGE('',*,*,#905,.F.);
#1221=ORIENTED_EDGE('',*,*,#906,.F.);
#1222=ORIENTED_EDGE('',*,*,#905,.T.);
#1223=ORIENTED_EDGE('',*,*,#754,.F.);
#1224=ORIENTED_EDGE('',*,*,#762,.F.);
#1225=ORIENTED_EDGE('',*,*,#899,.T.);
#1226=ORIENTED_EDGE('',*,*,#907,.T.);
#1227=ORIENTED_EDGE('',*,*,#814,.F.);
#1228=ORIENTED_EDGE('',*,*,#907,.F.);
#1229=ORIENTED_EDGE('',*,*,#908,.F.);
#1230=ORIENTED_EDGE('',*,*,#900,.F.);
#1231=ORIENTED_EDGE('',*,*,#756,.F.);
#1232=ORIENTED_EDGE('',*,*,#904,.F.);
#1233=ORIENTED_EDGE('',*,*,#906,.T.);
#1234=ORIENTED_EDGE('',*,*,#761,.T.);
#1235=ORIENTED_EDGE('',*,*,#909,.T.);
#1236=ORIENTED_EDGE('',*,*,#872,.T.);
#1237=ORIENTED_EDGE('',*,*,#910,.T.);
#1238=ORIENTED_EDGE('',*,*,#911,.T.);
#1239=ORIENTED_EDGE('',*,*,#912,.T.);
#1240=ORIENTED_EDGE('',*,*,#868,.T.);
#1241=ORIENTED_EDGE('',*,*,#913,.F.);
#1242=ORIENTED_EDGE('',*,*,#914,.T.);
#1243=ORIENTED_EDGE('',*,*,#915,.T.);
#1244=ORIENTED_EDGE('',*,*,#916,.T.);
#1245=ORIENTED_EDGE('',*,*,#901,.T.);
#1246=ORIENTED_EDGE('',*,*,#908,.T.);
#1247=ORIENTED_EDGE('',*,*,#903,.T.);
#1248=ORIENTED_EDGE('',*,*,#826,.T.);
#1249=ORIENTED_EDGE('',*,*,#830,.T.);
#1250=ORIENTED_EDGE('',*,*,#833,.T.);
#1251=ORIENTED_EDGE('',*,*,#836,.T.);
#1252=ORIENTED_EDGE('',*,*,#839,.T.);
#1253=ORIENTED_EDGE('',*,*,#842,.T.);
#1254=ORIENTED_EDGE('',*,*,#844,.T.);
#1255=ORIENTED_EDGE('',*,*,#848,.T.);
#1256=ORIENTED_EDGE('',*,*,#851,.T.);
#1257=ORIENTED_EDGE('',*,*,#854,.T.);
#1258=ORIENTED_EDGE('',*,*,#857,.T.);
#1259=ORIENTED_EDGE('',*,*,#860,.T.);
#1260=ORIENTED_EDGE('',*,*,#893,.T.);
#1261=ORIENTED_EDGE('',*,*,#917,.T.);
#1262=ORIENTED_EDGE('',*,*,#812,.F.);
#1263=ORIENTED_EDGE('',*,*,#917,.F.);
#1264=ORIENTED_EDGE('',*,*,#914,.F.);
#1265=ORIENTED_EDGE('',*,*,#918,.T.);
#1266=ORIENTED_EDGE('',*,*,#919,.F.);
#1267=ORIENTED_EDGE('',*,*,#920,.F.);
#1268=ORIENTED_EDGE('',*,*,#915,.F.);
#1269=ORIENTED_EDGE('',*,*,#920,.T.);
#1270=ORIENTED_EDGE('',*,*,#921,.F.);
#1271=ORIENTED_EDGE('',*,*,#922,.F.);
#1272=ORIENTED_EDGE('',*,*,#913,.T.);
#1273=ORIENTED_EDGE('',*,*,#870,.T.);
#1274=ORIENTED_EDGE('',*,*,#865,.F.);
#1275=ORIENTED_EDGE('',*,*,#863,.F.);
#1276=ORIENTED_EDGE('',*,*,#750,.T.);
#1277=ORIENTED_EDGE('',*,*,#923,.F.);
#1278=ORIENTED_EDGE('',*,*,#918,.F.);
#1279=ORIENTED_EDGE('',*,*,#923,.T.);
#1280=ORIENTED_EDGE('',*,*,#749,.F.);
#1281=ORIENTED_EDGE('',*,*,#924,.F.);
#1282=ORIENTED_EDGE('',*,*,#921,.T.);
#1283=ORIENTED_EDGE('',*,*,#919,.T.);
#1284=ORIENTED_EDGE('',*,*,#890,.T.);
#1285=ORIENTED_EDGE('',*,*,#922,.T.);
#1286=ORIENTED_EDGE('',*,*,#924,.T.);
#1287=ORIENTED_EDGE('',*,*,#748,.T.);
#1288=ORIENTED_EDGE('',*,*,#824,.F.);
#1289=ORIENTED_EDGE('',*,*,#902,.F.);
#1290=ORIENTED_EDGE('',*,*,#916,.F.);
#1291=ORIENTED_EDGE('',*,*,#911,.F.);
#1292=ORIENTED_EDGE('',*,*,#925,.T.);
#1293=ORIENTED_EDGE('',*,*,#743,.F.);
#1294=ORIENTED_EDGE('',*,*,#926,.F.);
#1295=ORIENTED_EDGE('',*,*,#912,.F.);
#1296=ORIENTED_EDGE('',*,*,#926,.T.);
#1297=ORIENTED_EDGE('',*,*,#742,.F.);
#1298=ORIENTED_EDGE('',*,*,#752,.T.);
#1299=ORIENTED_EDGE('',*,*,#862,.T.);
#1300=ORIENTED_EDGE('',*,*,#867,.T.);
#1301=ORIENTED_EDGE('',*,*,#869,.T.);
#1302=ORIENTED_EDGE('',*,*,#896,.T.);
#1303=ORIENTED_EDGE('',*,*,#927,.T.);
#1304=ORIENTED_EDGE('',*,*,#813,.F.);
#1305=ORIENTED_EDGE('',*,*,#927,.F.);
#1306=ORIENTED_EDGE('',*,*,#910,.F.);
#1307=ORIENTED_EDGE('',*,*,#871,.F.);
#1308=ORIENTED_EDGE('',*,*,#744,.F.);
#1309=ORIENTED_EDGE('',*,*,#925,.F.);
#1310=ORIENTED_EDGE('',*,*,#909,.F.);
#1311=ORIENTED_EDGE('',*,*,#760,.T.);
#1312=ORIENTED_EDGE('',*,*,#822,.F.);
#1313=ORIENTED_EDGE('',*,*,#873,.F.);
#1314=ORIENTED_EDGE('',*,*,#886,.T.);
#1315=ORIENTED_EDGE('',*,*,#889,.T.);
#1316=ORIENTED_EDGE('',*,*,#887,.T.);
#1317=ORIENTED_EDGE('',*,*,#883,.T.);
#1318=CYLINDRICAL_SURFACE('',#1428,4.2);
#1319=CYLINDRICAL_SURFACE('',#1431,4.2);
#1320=CYLINDRICAL_SURFACE('',#1450,1.5);
#1321=CYLINDRICAL_SURFACE('',#1455,1.5);
#1322=CYLINDRICAL_SURFACE('',#1460,1.5);
#1323=CYLINDRICAL_SURFACE('',#1465,1.5);
#1324=CYLINDRICAL_SURFACE('',#1467,2.5);
#1325=CYLINDRICAL_SURFACE('',#1470,2.5);
#1326=CYLINDRICAL_SURFACE('',#1476,2.5);
#1327=CYLINDRICAL_SURFACE('',#1481,2.5);
#1328=CYLINDRICAL_SURFACE('',#1509,1.7);
#1329=CYLINDRICAL_SURFACE('',#1514,1.7);
#1330=CYLINDRICAL_SURFACE('',#1518,1.7);
#1331=CYLINDRICAL_SURFACE('',#1523,5.5);
#1332=CYLINDRICAL_SURFACE('',#1526,4.);
#1333=CYLINDRICAL_SURFACE('',#1531,4.);
#1334=CYLINDRICAL_SURFACE('',#1532,5.5);
#1335=CYLINDRICAL_SURFACE('',#1538,5.5);
#1336=CYLINDRICAL_SURFACE('',#1540,4.);
#1337=ADVANCED_FACE('',(#89),#1318,.F.);
#1338=ADVANCED_FACE('',(#90),#1319,.F.);
#1339=ADVANCED_FACE('',(#91,#19),#35,.T.);
#1340=ADVANCED_FACE('',(#92),#36,.T.);
#1341=ADVANCED_FACE('',(#93,#20),#37,.T.);
#1342=ADVANCED_FACE('',(#94),#38,.T.);
#1343=ADVANCED_FACE('',(#95),#39,.F.);
#1344=ADVANCED_FACE('',(#96),#40,.F.);
#1345=ADVANCED_FACE('',(#97),#41,.F.);
#1346=ADVANCED_FACE('',(#98),#42,.F.);
#1347=ADVANCED_FACE('',(#99),#15,.F.);
#1348=ADVANCED_FACE('',(#100),#1320,.T.);
#1349=ADVANCED_FACE('',(#101),#16,.F.);
#1350=ADVANCED_FACE('',(#102),#1321,.T.);
#1351=ADVANCED_FACE('',(#103),#17,.F.);
#1352=ADVANCED_FACE('',(#104),#1322,.T.);
#1353=ADVANCED_FACE('',(#105),#18,.F.);
#1354=ADVANCED_FACE('',(#106),#1323,.T.);
#1355=ADVANCED_FACE('',(#107,#21),#43,.T.);
#1356=ADVANCED_FACE('',(#108),#1324,.T.);
#1357=ADVANCED_FACE('',(#109,#22),#44,.T.);
#1358=ADVANCED_FACE('',(#110),#1325,.T.);
#1359=ADVANCED_FACE('',(#111,#23,#24,#25),#45,.T.);
#1360=ADVANCED_FACE('',(#112),#1326,.T.);
#1361=ADVANCED_FACE('',(#113),#46,.T.);
#1362=ADVANCED_FACE('',(#114,#26),#47,.T.);
#1363=ADVANCED_FACE('',(#115),#1327,.T.);
#1364=ADVANCED_FACE('',(#116),#48,.T.);
#1365=ADVANCED_FACE('',(#117),#49,.T.);
#1366=ADVANCED_FACE('',(#118),#50,.T.);
#1367=ADVANCED_FACE('',(#119),#51,.T.);
#1368=ADVANCED_FACE('',(#120),#52,.T.);
#1369=ADVANCED_FACE('',(#121),#53,.T.);
#1370=ADVANCED_FACE('',(#122),#54,.T.);
#1371=ADVANCED_FACE('',(#123),#55,.T.);
#1372=ADVANCED_FACE('',(#124),#56,.T.);
#1373=ADVANCED_FACE('',(#125),#57,.T.);
#1374=ADVANCED_FACE('',(#126),#58,.T.);
#1375=ADVANCED_FACE('',(#127),#59,.T.);
#1376=ADVANCED_FACE('',(#128),#60,.T.);
#1377=ADVANCED_FACE('',(#129),#61,.T.);
#1378=ADVANCED_FACE('',(#130),#62,.T.);
#1379=ADVANCED_FACE('',(#131),#63,.T.);
#1380=ADVANCED_FACE('',(#132),#64,.F.);
#1381=ADVANCED_FACE('',(#133),#65,.F.);
#1382=ADVANCED_FACE('',(#134),#66,.T.);
#1383=ADVANCED_FACE('',(#135),#67,.T.);
#1384=ADVANCED_FACE('',(#136),#68,.T.);
#1385=ADVANCED_FACE('',(#137),#69,.T.);
#1386=ADVANCED_FACE('',(#138),#70,.T.);
#1387=ADVANCED_FACE('',(#139),#71,.F.);
#1388=ADVANCED_FACE('',(#140),#72,.F.);
#1389=ADVANCED_FACE('',(#141),#73,.F.);
#1390=ADVANCED_FACE('',(#142),#74,.F.);
#1391=ADVANCED_FACE('',(#143),#1328,.F.);
#1392=ADVANCED_FACE('',(#144,#27),#75,.F.);
#1393=ADVANCED_FACE('',(#145),#1329,.F.);
#1394=ADVANCED_FACE('',(#146,#28),#76,.F.);
#1395=ADVANCED_FACE('',(#147),#1330,.F.);
#1396=ADVANCED_FACE('',(#148,#29),#77,.F.);
#1397=ADVANCED_FACE('',(#149,#30),#78,.T.);
#1398=ADVANCED_FACE('',(#150),#1331,.T.);
#1399=ADVANCED_FACE('',(#151),#79,.T.);
#1400=ADVANCED_FACE('',(#152),#1332,.F.);
#1401=ADVANCED_FACE('',(#153),#80,.T.);
#1402=ADVANCED_FACE('',(#154,#31,#32),#81,.T.);
#1403=ADVANCED_FACE('',(#155),#1333,.F.);
#1404=ADVANCED_FACE('',(#156),#1334,.T.);
#1405=ADVANCED_FACE('',(#157),#82,.T.);
#1406=ADVANCED_FACE('',(#158),#83,.T.);
#1407=ADVANCED_FACE('',(#159,#33),#84,.T.);
#1408=ADVANCED_FACE('',(#160),#85,.T.);
#1409=ADVANCED_FACE('',(#161),#1335,.T.);
#1410=ADVANCED_FACE('',(#162),#86,.T.);
#1411=ADVANCED_FACE('',(#163),#1336,.F.);
#1412=ADVANCED_FACE('',(#164),#87,.T.);
#1413=ADVANCED_FACE('',(#165,#34),#88,.T.);
#1414=CLOSED_SHELL('',(#1337,#1338,#1339,#1340,#1341,#1342,#1343,#1344,
#1345,#1346,#1347,#1348,#1349,#1350,#1351,#1352,#1353,#1354,#1355,#1356,
#1357,#1358,#1359,#1360,#1361,#1362,#1363,#1364,#1365,#1366,#1367,#1368,
#1369,#1370,#1371,#1372,#1373,#1374,#1375,#1376,#1377,#1378,#1379,#1380,
#1381,#1382,#1383,#1384,#1385,#1386,#1387,#1388,#1389,#1390,#1391,#1392,
#1393,#1394,#1395,#1396,#1397,#1398,#1399,#1400,#1401,#1402,#1403,#1404,
#1405,#1406,#1407,#1408,#1409,#1410,#1411,#1412,#1413));
#1415=DERIVED_UNIT_ELEMENT(#1417,1.);
#1416=DERIVED_UNIT_ELEMENT(#2364,-3.);
#1417=(
MASS_UNIT()
NAMED_UNIT(*)
SI_UNIT(.KILO.,.GRAM.)
);
#1418=DERIVED_UNIT((#1415,#1416));
#1419=MEASURE_REPRESENTATION_ITEM('density measure',
POSITIVE_RATIO_MEASURE(7850.),#1418);
#1420=PROPERTY_DEFINITION_REPRESENTATION(#1425,#1422);
#1421=PROPERTY_DEFINITION_REPRESENTATION(#1426,#1423);
#1422=REPRESENTATION('material name',(#1424),#2361);
#1423=REPRESENTATION('density',(#1419),#2361);
#1424=DESCRIPTIVE_REPRESENTATION_ITEM('Steel','Steel');
#1425=PROPERTY_DEFINITION('material property','material name',#2371);
#1426=PROPERTY_DEFINITION('material property','density of part',#2371);
#1427=AXIS2_PLACEMENT_3D('',#1928,#1543,#1544);
#1428=AXIS2_PLACEMENT_3D('',#1929,#1545,#1546);
#1429=AXIS2_PLACEMENT_3D('',#1934,#1548,#1549);
#1430=AXIS2_PLACEMENT_3D('',#1937,#1551,#1552);
#1431=AXIS2_PLACEMENT_3D('',#1938,#1553,#1554);
#1432=AXIS2_PLACEMENT_3D('',#1943,#1556,#1557);
#1433=AXIS2_PLACEMENT_3D('',#1946,#1559,#1560);
#1434=AXIS2_PLACEMENT_3D('',#1947,#1561,#1562);
#1435=AXIS2_PLACEMENT_3D('',#1953,#1565,#1566);
#1436=AXIS2_PLACEMENT_3D('',#1958,#1569,#1570);
#1437=AXIS2_PLACEMENT_3D('',#1959,#1571,#1572);
#1438=AXIS2_PLACEMENT_3D('',#1971,#1579,#1580);
#1439=AXIS2_PLACEMENT_3D('',#1977,#1583,#1584);
#1440=AXIS2_PLACEMENT_3D('',#1982,#1587,#1588);
#1441=AXIS2_PLACEMENT_3D('',#1983,#1589,#1590);
#1442=AXIS2_PLACEMENT_3D('',#1991,#1595,#1596);
#1443=AXIS2_PLACEMENT_3D('',#2000,#1601,#1602);
#1444=AXIS2_PLACEMENT_3D('',#2006,#1606,#1607);
#1445=AXIS2_PLACEMENT_3D('',#2012,#1611,#1612);
#1446=AXIS2_PLACEMENT_3D('',#2026,#1615,#1616);
#1447=AXIS2_PLACEMENT_3D('',#2028,#1617,#1618);
#1448=AXIS2_PLACEMENT_3D('',#2030,#1619,#1620);
#1449=AXIS2_PLACEMENT_3D('',#2031,#1621,#1622);
#1450=AXIS2_PLACEMENT_3D('',#2032,#1623,#1624);
#1451=AXIS2_PLACEMENT_3D('',#2035,#1625,#1626);
#1452=AXIS2_PLACEMENT_3D('',#2049,#1629,#1630);
#1453=AXIS2_PLACEMENT_3D('',#2050,#1631,#1632);
#1454=AXIS2_PLACEMENT_3D('',#2051,#1633,#1634);
#1455=AXIS2_PLACEMENT_3D('',#2052,#1635,#1636);
#1456=AXIS2_PLACEMENT_3D('',#2055,#1637,#1638);
#1457=AXIS2_PLACEMENT_3D('',#2069,#1641,#1642);
#1458=AXIS2_PLACEMENT_3D('',#2070,#1643,#1644);
#1459=AXIS2_PLACEMENT_3D('',#2071,#1645,#1646);
#1460=AXIS2_PLACEMENT_3D('',#2072,#1647,#1648);
#1461=AXIS2_PLACEMENT_3D('',#2075,#1649,#1650);
#1462=AXIS2_PLACEMENT_3D('',#2089,#1653,#1654);
#1463=AXIS2_PLACEMENT_3D('',#2090,#1655,#1656);
#1464=AXIS2_PLACEMENT_3D('',#2091,#1657,#1658);
#1465=AXIS2_PLACEMENT_3D('',#2092,#1659,#1660);
#1466=AXIS2_PLACEMENT_3D('',#2095,#1663,#1664);
#1467=AXIS2_PLACEMENT_3D('',#2101,#1668,#1669);
#1468=AXIS2_PLACEMENT_3D('',#2104,#1671,#1672);
#1469=AXIS2_PLACEMENT_3D('',#2105,#1673,#1674);
#1470=AXIS2_PLACEMENT_3D('',#2117,#1681,#1682);
#1471=AXIS2_PLACEMENT_3D('',#2120,#1684,#1685);
#1472=AXIS2_PLACEMENT_3D('',#2121,#1686,#1687);
#1473=AXIS2_PLACEMENT_3D('',#2123,#1688,#1689);
#1474=AXIS2_PLACEMENT_3D('',#2125,#1690,#1691);
#1475=AXIS2_PLACEMENT_3D('',#2127,#1692,#1693);
#1476=AXIS2_PLACEMENT_3D('',#2128,#1694,#1695);
#1477=AXIS2_PLACEMENT_3D('',#2132,#1697,#1698);
#1478=AXIS2_PLACEMENT_3D('',#2134,#1700,#1701);
#1479=AXIS2_PLACEMENT_3D('',#2136,#1703,#1704);
#1480=AXIS2_PLACEMENT_3D('',#2139,#1706,#1707);
#1481=AXIS2_PLACEMENT_3D('',#2146,#1712,#1713);
#1482=AXIS2_PLACEMENT_3D('',#2148,#1715,#1716);
#1483=AXIS2_PLACEMENT_3D('',#2149,#1717,#1718);
#1484=AXIS2_PLACEMENT_3D('',#2158,#1723,#1724);
#1485=AXIS2_PLACEMENT_3D('',#2164,#1728,#1729);
#1486=AXIS2_PLACEMENT_3D('',#2170,#1733,#1734);
#1487=AXIS2_PLACEMENT_3D('',#2176,#1738,#1739);
#1488=AXIS2_PLACEMENT_3D('',#2182,#1743,#1744);
#1489=AXIS2_PLACEMENT_3D('',#2185,#1747,#1748);
#1490=AXIS2_PLACEMENT_3D('',#2186,#1749,#1750);
#1491=AXIS2_PLACEMENT_3D('',#2195,#1755,#1756);
#1492=AXIS2_PLACEMENT_3D('',#2201,#1760,#1761);
#1493=AXIS2_PLACEMENT_3D('',#2207,#1765,#1766);
#1494=AXIS2_PLACEMENT_3D('',#2213,#1770,#1771);
#1495=AXIS2_PLACEMENT_3D('',#2219,#1775,#1776);
#1496=AXIS2_PLACEMENT_3D('',#2222,#1779,#1780);
#1497=AXIS2_PLACEMENT_3D('',#2223,#1781,#1782);
#1498=AXIS2_PLACEMENT_3D('',#2229,#1786,#1787);
#1499=AXIS2_PLACEMENT_3D('',#2235,#1791,#1792);
#1500=AXIS2_PLACEMENT_3D('',#2241,#1796,#1797);
#1501=AXIS2_PLACEMENT_3D('',#2247,#1801,#1802);
#1502=AXIS2_PLACEMENT_3D('',#2253,#1806,#1807);
#1503=AXIS2_PLACEMENT_3D('',#2257,#1810,#1811);
#1504=AXIS2_PLACEMENT_3D('',#2261,#1814,#1815);
#1505=AXIS2_PLACEMENT_3D('',#2263,#1817,#1818);
#1506=AXIS2_PLACEMENT_3D('',#2269,#1822,#1823);
#1507=AXIS2_PLACEMENT_3D('',#2273,#1826,#1827);
#1508=AXIS2_PLACEMENT_3D('',#2277,#1830,#1831);
#1509=AXIS2_PLACEMENT_3D('',#2279,#1833,#1834);
#1510=AXIS2_PLACEMENT_3D('',#2281,#1835,#1836);
#1511=AXIS2_PLACEMENT_3D('',#2284,#1838,#1839);
#1512=AXIS2_PLACEMENT_3D('',#2285,#1840,#1841);
#1513=AXIS2_PLACEMENT_3D('',#2287,#1842,#1843);
#1514=AXIS2_PLACEMENT_3D('',#2288,#1844,#1845);
#1515=AXIS2_PLACEMENT_3D('',#2291,#1847,#1848);
#1516=AXIS2_PLACEMENT_3D('',#2292,#1849,#1850);
#1517=AXIS2_PLACEMENT_3D('',#2294,#1851,#1852);
#1518=AXIS2_PLACEMENT_3D('',#2295,#1853,#1854);
#1519=AXIS2_PLACEMENT_3D('',#2298,#1856,#1857);
#1520=AXIS2_PLACEMENT_3D('',#2299,#1858,#1859);
#1521=AXIS2_PLACEMENT_3D('',#2301,#1860,#1861);
#1522=AXIS2_PLACEMENT_3D('',#2302,#1862,#1863);
#1523=AXIS2_PLACEMENT_3D('',#2308,#1867,#1868);
#1524=AXIS2_PLACEMENT_3D('',#2311,#1869,#1870);
#1525=AXIS2_PLACEMENT_3D('',#2314,#1873,#1874);
#1526=AXIS2_PLACEMENT_3D('',#2316,#1876,#1877);
#1527=AXIS2_PLACEMENT_3D('',#2318,#1879,#1880);
#1528=AXIS2_PLACEMENT_3D('',#2320,#1882,#1883);
#1529=AXIS2_PLACEMENT_3D('',#2325,#1886,#1887);
#1530=AXIS2_PLACEMENT_3D('',#2330,#1890,#1891);
#1531=AXIS2_PLACEMENT_3D('',#2334,#1894,#1895);
#1532=AXIS2_PLACEMENT_3D('',#2336,#1897,#1898);
#1533=AXIS2_PLACEMENT_3D('',#2340,#1900,#1901);
#1534=AXIS2_PLACEMENT_3D('',#2342,#1903,#1904);
#1535=AXIS2_PLACEMENT_3D('',#2346,#1907,#1908);
#1536=AXIS2_PLACEMENT_3D('',#2348,#1910,#1911);
#1537=AXIS2_PLACEMENT_3D('',#2350,#1913,#1914);
#1538=AXIS2_PLACEMENT_3D('',#2351,#1915,#1916);
#1539=AXIS2_PLACEMENT_3D('',#2354,#1919,#1920);
#1540=AXIS2_PLACEMENT_3D('',#2355,#1921,#1922);
#1541=AXIS2_PLACEMENT_3D('',#2357,#1924,#1925);
#1542=AXIS2_PLACEMENT_3D('',#2358,#1926,#1927);
#1543=DIRECTION('axis',(0.,0.,1.));
#1544=DIRECTION('refdir',(1.,0.,0.));
#1545=DIRECTION('center_axis',(0.,0.,1.));
#1546=DIRECTION('ref_axis',(-1.,0.,0.));
#1547=DIRECTION('',(0.,0.,-1.));
#1548=DIRECTION('center_axis',(0.,0.,-1.));
#1549=DIRECTION('ref_axis',(-1.,0.,0.));
#1550=DIRECTION('',(0.,0.,1.));
#1551=DIRECTION('center_axis',(0.,0.,1.));
#1552=DIRECTION('ref_axis',(-1.,0.,0.));
#1553=DIRECTION('center_axis',(0.,0.,1.));
#1554=DIRECTION('ref_axis',(-1.,0.,0.));
#1555=DIRECTION('',(0.,0.,-1.));
#1556=DIRECTION('center_axis',(0.,0.,-1.));
#1557=DIRECTION('ref_axis',(-1.,0.,0.));
#1558=DIRECTION('',(0.,0.,1.));
#1559=DIRECTION('center_axis',(0.,0.,1.));
#1560=DIRECTION('ref_axis',(-1.,0.,0.));
#1561=DIRECTION('center_axis',(0.,0.,1.));
#1562=DIRECTION('ref_axis',(-1.,0.,0.));
#1563=DIRECTION('',(-1.,2.51320986661194E-17,0.));
#1564=DIRECTION('',(0.,1.,0.));
#1565=DIRECTION('center_axis',(0.,0.,1.));
#1566=DIRECTION('ref_axis',(-1.,0.,0.));
#1567=DIRECTION('',(-1.25626367708646E-15,-1.,0.));
#1568=DIRECTION('',(-1.,2.51320986661194E-17,0.));
#1569=DIRECTION('center_axis',(0.,0.,-1.));
#1570=DIRECTION('ref_axis',(-1.,0.,0.));
#1571=DIRECTION('center_axis',(2.51320986661194E-17,1.,0.));
#1572=DIRECTION('ref_axis',(-1.,2.51320986661194E-17,0.));
#1573=DIRECTION('',(-1.,2.51320986661194E-17,0.));
#1574=DIRECTION('',(0.,0.,1.));
#1575=DIRECTION('',(-1.,2.51320986661194E-17,0.));
#1576=DIRECTION('',(0.,0.,-1.));
#1577=DIRECTION('',(1.,-2.51320986661194E-17,0.));
#1578=DIRECTION('',(0.,0.,1.));
#1579=DIRECTION('center_axis',(0.,0.,1.));
#1580=DIRECTION('ref_axis',(-1.,0.,0.));
#1581=DIRECTION('',(1.,0.,0.));
#1582=DIRECTION('',(0.,-1.,0.));
#1583=DIRECTION('center_axis',(0.,0.,1.));
#1584=DIRECTION('ref_axis',(-1.,0.,0.));
#1585=DIRECTION('',(0.,1.,0.));
#1586=DIRECTION('',(1.,0.,0.));
#1587=DIRECTION('center_axis',(0.,0.,-1.));
#1588=DIRECTION('ref_axis',(-1.,0.,0.));
#1589=DIRECTION('center_axis',(0.,-1.,0.));
#1590=DIRECTION('ref_axis',(1.,0.,0.));
#1591=DIRECTION('',(1.,0.,0.));
#1592=DIRECTION('',(0.,0.,1.));
#1593=DIRECTION('',(-1.,0.,0.));
#1594=DIRECTION('',(0.,0.,1.));
#1595=DIRECTION('center_axis',(1.,0.,0.));
#1596=DIRECTION('ref_axis',(0.,6.14920635141033E-17,1.));
#1597=DIRECTION('',(0.,0.,1.));
#1598=DIRECTION('',(0.,-1.,0.));
#1599=DIRECTION('',(0.,0.,-1.));
#1600=DIRECTION('',(0.,-1.,0.));
#1601=DIRECTION('center_axis',(0.,0.,1.));
#1602=DIRECTION('ref_axis',(-1.,-6.11171881014995E-17,0.));
#1603=DIRECTION('',(-1.,9.61742070686972E-17,0.));
#1604=DIRECTION('',(1.,0.,0.));
#1605=DIRECTION('',(0.,-1.,0.));
#1606=DIRECTION('center_axis',(-1.,0.,1.65704929048531E-16));
#1607=DIRECTION('ref_axis',(-1.65704929048531E-16,-6.14920635141033E-17,
-1.));
#1608=DIRECTION('',(-1.65704929048531E-16,1.59365401586172E-32,-1.));
#1609=DIRECTION('',(1.65704929048531E-16,0.,1.));
#1610=DIRECTION('',(0.,-1.,0.));
#1611=DIRECTION('center_axis',(-1.07164384616328E-16,0.,-1.));
#1612=DIRECTION('ref_axis',(1.,6.11171881014995E-17,-1.07164384616328E-16));
#1613=DIRECTION('',(1.,-9.61742070686972E-17,-1.07164384616328E-16));
#1614=DIRECTION('',(-1.,0.,1.07164384616328E-16));
#1615=DIRECTION('center_axis',(0.,-1.,0.));
#1616=DIRECTION('ref_axis',(-1.,0.,0.));
#1617=DIRECTION('center_axis',(0.,0.,1.));
#1618=DIRECTION('ref_axis',(-0.707106781186547,-0.707106781186548,0.));
#1619=DIRECTION('center_axis',(-1.,0.,0.));
#1620=DIRECTION('ref_axis',(0.,0.,-1.));
#1621=DIRECTION('center_axis',(0.,0.,-1.));
#1622=DIRECTION('ref_axis',(-0.707106781186547,-0.707106781186548,0.));
#1623=DIRECTION('center_axis',(-1.,9.61742070686972E-17,0.));
#1624=DIRECTION('ref_axis',(0.,-0.707106781186547,-0.707106781186548));
#1625=DIRECTION('center_axis',(-1.,0.,0.));
#1626=DIRECTION('ref_axis',(0.,0.,-1.));
#1627=DIRECTION('',(-1.,9.61742070686972E-17,0.));
#1628=DIRECTION('',(1.,-9.61742070686972E-17,0.));
#1629=DIRECTION('center_axis',(0.,-1.,0.));
#1630=DIRECTION('ref_axis',(0.,0.,-1.));
#1631=DIRECTION('center_axis',(0.,0.,-1.));
#1632=DIRECTION('ref_axis',(0.707106781186547,-0.707106781186548,0.));
#1633=DIRECTION('center_axis',(0.,0.,1.));
#1634=DIRECTION('ref_axis',(0.707106781186547,-0.707106781186548,0.));
#1635=DIRECTION('center_axis',(0.,-1.,0.));
#1636=DIRECTION('ref_axis',(0.707106781186548,0.,-0.707106781186547));
#1637=DIRECTION('center_axis',(0.,-1.,0.));
#1638=DIRECTION('ref_axis',(0.,0.,-1.));
#1639=DIRECTION('',(0.,-1.,0.));
#1640=DIRECTION('',(0.,1.,0.));
#1641=DIRECTION('center_axis',(1.,0.,0.));
#1642=DIRECTION('ref_axis',(0.,0.,-1.));
#1643=DIRECTION('center_axis',(0.,0.,-1.));
#1644=DIRECTION('ref_axis',(0.707106781186547,0.707106781186548,0.));
#1645=DIRECTION('center_axis',(0.,0.,1.));
#1646=DIRECTION('ref_axis',(0.707106781186547,0.707106781186548,0.));
#1647=DIRECTION('center_axis',(1.,-9.61742070686972E-17,0.));
#1648=DIRECTION('ref_axis',(0.,0.707106781186547,-0.707106781186548));
#1649=DIRECTION('center_axis',(1.,0.,0.));
#1650=DIRECTION('ref_axis',(0.,0.,-1.));
#1651=DIRECTION('',(1.,-9.61742070686972E-17,0.));
#1652=DIRECTION('',(-1.,9.61742070686972E-17,0.));
#1653=DIRECTION('center_axis',(0.,1.,0.));
#1654=DIRECTION('ref_axis',(0.,0.,-1.));
#1655=DIRECTION('center_axis',(0.,0.,-1.));
#1656=DIRECTION('ref_axis',(-0.707106781186547,0.707106781186548,0.));
#1657=DIRECTION('center_axis',(0.,0.,1.));
#1658=DIRECTION('ref_axis',(-0.707106781186547,0.707106781186548,0.));
#1659=DIRECTION('center_axis',(0.,1.,0.));
#1660=DIRECTION('ref_axis',(-0.707106781186548,0.,-0.707106781186547));
#1661=DIRECTION('',(0.,-1.,0.));
#1662=DIRECTION('',(0.,1.,0.));
#1663=DIRECTION('center_axis',(9.61742070686972E-17,1.,0.));
#1664=DIRECTION('ref_axis',(1.,-9.61742070686972E-17,0.));
#1665=DIRECTION('',(0.,0.,-1.));
#1666=DIRECTION('',(-1.,9.61742070686972E-17,0.));
#1667=DIRECTION('',(0.,0.,1.));
#1668=DIRECTION('center_axis',(0.,0.,1.));
#1669=DIRECTION('ref_axis',(-0.707106781186547,0.707106781186547,0.));
#1670=DIRECTION('',(0.,0.,1.));
#1671=DIRECTION('center_axis',(0.,0.,-1.));
#1672=DIRECTION('ref_axis',(-0.707106781186547,0.707106781186547,0.));
#1673=DIRECTION('center_axis',(-1.,0.,0.));
#1674=DIRECTION('ref_axis',(0.,1.,0.));
#1675=DIRECTION('',(0.,0.,-1.));
#1676=DIRECTION('',(0.,-1.,0.));
#1677=DIRECTION('',(0.,0.,1.));
#1678=DIRECTION('',(0.,-1.,0.));
#1679=DIRECTION('',(0.,0.,-1.));
#1680=DIRECTION('',(0.,1.,0.));
#1681=DIRECTION('center_axis',(0.,0.,1.));
#1682=DIRECTION('ref_axis',(-0.707106781186547,-0.707106781186547,0.));
#1683=DIRECTION('',(0.,0.,1.));
#1684=DIRECTION('center_axis',(0.,0.,-1.));
#1685=DIRECTION('ref_axis',(-0.707106781186547,-0.707106781186547,0.));
#1686=DIRECTION('center_axis',(0.,0.,-1.));
#1687=DIRECTION('ref_axis',(-1.,0.,0.));
#1688=DIRECTION('center_axis',(0.,0.,1.));
#1689=DIRECTION('ref_axis',(-1.,0.,0.));
#1690=DIRECTION('center_axis',(0.,0.,1.));
#1691=DIRECTION('ref_axis',(-1.,0.,0.));
#1692=DIRECTION('center_axis',(0.,0.,1.));
#1693=DIRECTION('ref_axis',(-1.,0.,0.));
#1694=DIRECTION('center_axis',(0.,0.,1.));
#1695=DIRECTION('ref_axis',(0.707106781186547,-0.707106781186547,0.));
#1696=DIRECTION('',(0.,0.,1.));
#1697=DIRECTION('center_axis',(0.,0.,-1.));
#1698=DIRECTION('ref_axis',(0.707106781186547,-0.707106781186547,0.));
#1699=DIRECTION('',(0.,0.,-1.));
#1700=DIRECTION('center_axis',(-9.61742070686972E-17,-1.,0.));
#1701=DIRECTION('ref_axis',(-1.,9.61742070686972E-17,0.));
#1702=DIRECTION('',(1.,-9.61742070686972E-17,0.));
#1703=DIRECTION('center_axis',(0.,0.,1.));
#1704=DIRECTION('ref_axis',(1.,0.,0.));
#1705=DIRECTION('',(0.,1.,0.));
#1706=DIRECTION('center_axis',(0.,0.,-1.));
#1707=DIRECTION('ref_axis',(0.707106781186547,0.707106781186547,0.));
#1708=DIRECTION('',(-1.,2.51320986661194E-17,0.));
#1709=DIRECTION('',(0.,1.,0.));
#1710=DIRECTION('',(1.,0.,0.));
#1711=DIRECTION('',(0.,-1.,0.));
#1712=DIRECTION('center_axis',(0.,0.,-1.));
#1713=DIRECTION('ref_axis',(0.707106781186547,0.707106781186547,0.));
#1714=DIRECTION('',(0.,0.,-1.));
#1715=DIRECTION('center_axis',(1.,0.,0.));
#1716=DIRECTION('ref_axis',(0.,-1.,0.));
#1717=DIRECTION('center_axis',(-1.,0.,0.));
#1718=DIRECTION('ref_axis',(0.,-1.,0.));
#1719=DIRECTION('',(0.,1.,0.));
#1720=DIRECTION('',(0.,0.,1.));
#1721=DIRECTION('',(0.,-1.,0.));
#1722=DIRECTION('',(0.,0.,1.));
#1723=DIRECTION('center_axis',(0.,1.,0.));
#1724=DIRECTION('ref_axis',(-1.,0.,0.));
#1725=DIRECTION('',(1.,0.,0.));
#1726=DIRECTION('',(-1.,0.,0.));
#1727=DIRECTION('',(0.,0.,1.));
#1728=DIRECTION('center_axis',(1.,0.,0.));
#1729=DIRECTION('ref_axis',(0.,1.,0.));
#1730=DIRECTION('',(0.,-1.,0.));
#1731=DIRECTION('',(0.,1.,0.));
#1732=DIRECTION('',(0.,0.,1.));
#1733=DIRECTION('center_axis',(0.,-1.,0.));
#1734=DIRECTION('ref_axis',(1.,0.,0.));
#1735=DIRECTION('',(-1.,0.,0.));
#1736=DIRECTION('',(1.,0.,0.));
#1737=DIRECTION('',(0.,0.,1.));
#1738=DIRECTION('center_axis',(1.,5.55111512312578E-16,0.));
#1739=DIRECTION('ref_axis',(-5.55111512312578E-16,1.,0.));
#1740=DIRECTION('',(5.55111512312578E-16,-1.,0.));
#1741=DIRECTION('',(-5.55111512312578E-16,1.,0.));
#1742=DIRECTION('',(0.,0.,1.));
#1743=DIRECTION('center_axis',(0.,-1.,0.));
#1744=DIRECTION('ref_axis',(1.,0.,0.));
#1745=DIRECTION('',(-1.,0.,0.));
#1746=DIRECTION('',(1.,0.,0.));
#1747=DIRECTION('center_axis',(0.,0.,1.));
#1748=DIRECTION('ref_axis',(1.,0.,0.));
#1749=DIRECTION('center_axis',(0.,1.,0.));
#1750=DIRECTION('ref_axis',(-1.,0.,0.));
#1751=DIRECTION('',(1.,0.,0.));
#1752=DIRECTION('',(0.,0.,1.));
#1753=DIRECTION('',(-1.,0.,0.));
#1754=DIRECTION('',(0.,0.,1.));
#1755=DIRECTION('center_axis',(1.,0.,0.));
#1756=DIRECTION('ref_axis',(0.,1.,0.));
#1757=DIRECTION('',(0.,-1.,0.));
#1758=DIRECTION('',(0.,1.,0.));
#1759=DIRECTION('',(0.,0.,1.));
#1760=DIRECTION('center_axis',(2.77555756156289E-15,-1.,0.));
#1761=DIRECTION('ref_axis',(1.,2.77555756156289E-15,0.));
#1762=DIRECTION('',(-1.,-2.77555756156289E-15,0.));
#1763=DIRECTION('',(1.,2.77555756156289E-15,0.));
#1764=DIRECTION('',(0.,0.,1.));
#1765=DIRECTION('center_axis',(-1.,0.,0.));
#1766=DIRECTION('ref_axis',(0.,-1.,0.));
#1767=DIRECTION('',(0.,1.,0.));
#1768=DIRECTION('',(0.,-1.,0.));
#1769=DIRECTION('',(0.,0.,1.));
#1770=DIRECTION('center_axis',(5.55111512312578E-16,-1.,0.));
#1771=DIRECTION('ref_axis',(1.,5.55111512312578E-16,0.));
#1772=DIRECTION('',(-1.,-5.55111512312578E-16,0.));
#1773=DIRECTION('',(1.,5.55111512312578E-16,0.));
#1774=DIRECTION('',(0.,0.,1.));
#1775=DIRECTION('center_axis',(-1.,0.,0.));
#1776=DIRECTION('ref_axis',(0.,-1.,0.));
#1777=DIRECTION('',(0.,1.,0.));
#1778=DIRECTION('',(0.,-1.,0.));
#1779=DIRECTION('center_axis',(0.,0.,1.));
#1780=DIRECTION('ref_axis',(1.,0.,0.));
#1781=DIRECTION('center_axis',(1.77710773922624E-17,0.707106781186547,-0.707106781186548));
#1782=DIRECTION('ref_axis',(-1.,0.,-2.51320986661194E-17));
#1783=DIRECTION('',(0.,-0.707106781186548,-0.707106781186547));
#1784=DIRECTION('',(0.,0.707106781186548,0.707106781186547));
#1785=DIRECTION('',(-1.,2.51320986661194E-17,0.));
#1786=DIRECTION('center_axis',(0.,0.,1.));
#1787=DIRECTION('ref_axis',(-1.,0.,0.));
#1788=DIRECTION('',(0.,-1.,0.));
#1789=DIRECTION('',(-1.,0.,0.));
#1790=DIRECTION('',(0.,-1.,0.));
#1791=DIRECTION('center_axis',(0.,-1.,0.));
#1792=DIRECTION('ref_axis',(0.,0.,-1.));
#1793=DIRECTION('',(1.,0.,0.));
#1794=DIRECTION('',(0.,0.,-1.));
#1795=DIRECTION('',(0.,0.,1.));
#1796=DIRECTION('center_axis',(2.51320986661194E-17,1.,0.));
#1797=DIRECTION('ref_axis',(-1.,2.51320986661194E-17,0.));
#1798=DIRECTION('',(0.,0.,-1.));
#1799=DIRECTION('',(1.,-2.51320986661194E-17,0.));
#1800=DIRECTION('',(0.,0.,1.));
#1801=DIRECTION('center_axis',(-0.70710678118655,0.707106781186545,0.));
#1802=DIRECTION('ref_axis',(0.,0.,1.));
#1803=DIRECTION('',(0.577350269189624,0.577350269189628,-0.577350269189626));
#1804=DIRECTION('',(0.,0.,-1.));
#1805=DIRECTION('',(-0.577350269189624,-0.577350269189628,-0.577350269189626));
#1806=DIRECTION('center_axis',(-0.707106781186549,0.,-0.707106781186546));
#1807=DIRECTION('ref_axis',(-0.707106781186546,0.,0.707106781186549));
#1808=DIRECTION('',(0.577350269189624,-0.577350269189626,-0.577350269189627));
#1809=DIRECTION('',(0.,-1.,0.));
#1810=DIRECTION('center_axis',(-0.707106781186548,-0.707106781186547,0.));
#1811=DIRECTION('ref_axis',(0.,0.,1.));
#1812=DIRECTION('',(0.,0.,1.));
#1813=DIRECTION('',(0.577350269189624,-0.577350269189627,0.577350269189627));
#1814=DIRECTION('center_axis',(-0.707106781186549,0.,0.707106781186546));
#1815=DIRECTION('ref_axis',(0.707106781186546,0.,0.707106781186549));
#1816=DIRECTION('',(0.,1.,0.));
#1817=DIRECTION('center_axis',(0.,0.,-1.));
#1818=DIRECTION('ref_axis',(0.,1.,0.));
#1819=DIRECTION('',(1.,0.,0.));
#1820=DIRECTION('',(0.,-1.,0.));
#1821=DIRECTION('',(1.,0.,0.));
#1822=DIRECTION('center_axis',(0.,-1.,0.));
#1823=DIRECTION('ref_axis',(0.,0.,-1.));
#1824=DIRECTION('',(1.,0.,0.));
#1825=DIRECTION('',(0.,0.,1.));
#1826=DIRECTION('center_axis',(0.,1.,0.));
#1827=DIRECTION('ref_axis',(0.,0.,1.));
#1828=DIRECTION('',(0.,0.,-1.));
#1829=DIRECTION('',(1.,0.,0.));
#1830=DIRECTION('center_axis',(0.,0.,1.));
#1831=DIRECTION('ref_axis',(0.,-1.,0.));
#1832=DIRECTION('',(0.,1.,0.));
#1833=DIRECTION('center_axis',(0.,0.,1.));
#1834=DIRECTION('ref_axis',(-1.,0.,0.));
#1835=DIRECTION('center_axis',(0.,0.,-1.));
#1836=DIRECTION('ref_axis',(-1.,0.,0.));
#1837=DIRECTION('',(0.,0.,-1.));
#1838=DIRECTION('center_axis',(0.,0.,-1.));
#1839=DIRECTION('ref_axis',(-1.,0.,0.));
#1840=DIRECTION('center_axis',(0.,0.,1.));
#1841=DIRECTION('ref_axis',(-1.,0.,0.));
#1842=DIRECTION('center_axis',(0.,0.,1.));
#1843=DIRECTION('ref_axis',(-1.,0.,0.));
#1844=DIRECTION('center_axis',(0.,0.,1.));
#1845=DIRECTION('ref_axis',(-1.,0.,0.));
#1846=DIRECTION('',(0.,0.,-1.));
#1847=DIRECTION('center_axis',(0.,0.,-1.));
#1848=DIRECTION('ref_axis',(-1.,0.,0.));
#1849=DIRECTION('center_axis',(0.,0.,1.));
#1850=DIRECTION('ref_axis',(-1.,0.,0.));
#1851=DIRECTION('center_axis',(0.,0.,1.));
#1852=DIRECTION('ref_axis',(-1.,0.,0.));
#1853=DIRECTION('center_axis',(0.,0.,1.));
#1854=DIRECTION('ref_axis',(-1.,0.,0.));
#1855=DIRECTION('',(0.,0.,-1.));
#1856=DIRECTION('center_axis',(0.,0.,-1.));
#1857=DIRECTION('ref_axis',(-1.,0.,0.));
#1858=DIRECTION('center_axis',(0.,0.,1.));
#1859=DIRECTION('ref_axis',(-1.,0.,0.));
#1860=DIRECTION('center_axis',(0.,0.,1.));
#1861=DIRECTION('ref_axis',(-1.,0.,0.));
#1862=DIRECTION('center_axis',(0.,-1.,0.));
#1863=DIRECTION('ref_axis',(1.,0.,0.));
#1864=DIRECTION('',(0.,0.,-1.));
#1865=DIRECTION('',(-1.,0.,0.));
#1866=DIRECTION('',(0.,0.,1.));
#1867=DIRECTION('center_axis',(0.,0.,1.));
#1868=DIRECTION('ref_axis',(-1.,0.,0.));
#1869=DIRECTION('center_axis',(0.,0.,-1.));
#1870=DIRECTION('ref_axis',(-1.,0.,0.));
#1871=DIRECTION('',(0.,0.,1.));
#1872=DIRECTION('',(0.,0.,1.));
#1873=DIRECTION('center_axis',(-1.,0.,0.));
#1874=DIRECTION('ref_axis',(0.,-1.,0.));
#1875=DIRECTION('',(0.,1.,0.));
#1876=DIRECTION('center_axis',(0.,0.,1.));
#1877=DIRECTION('ref_axis',(-1.,0.,0.));
#1878=DIRECTION('',(0.,0.,-1.));
#1879=DIRECTION('center_axis',(1.,0.,0.));
#1880=DIRECTION('ref_axis',(0.,1.,0.));
#1881=DIRECTION('',(0.,-1.,0.));
#1882=DIRECTION('center_axis',(0.,0.,1.));
#1883=DIRECTION('ref_axis',(1.,0.,0.));
#1884=DIRECTION('',(0.,-1.,0.));
#1885=DIRECTION('',(1.25626367708646E-15,1.,0.));
#1886=DIRECTION('center_axis',(0.,0.,-1.));
#1887=DIRECTION('ref_axis',(-1.,0.,0.));
#1888=DIRECTION('',(0.,-1.,0.));
#1889=DIRECTION('',(0.,-1.,0.));
#1890=DIRECTION('center_axis',(0.,0.,-1.));
#1891=DIRECTION('ref_axis',(-1.,0.,0.));
#1892=DIRECTION('',(1.,0.,0.));
#1893=DIRECTION('',(0.,1.,0.));
#1894=DIRECTION('center_axis',(0.,0.,1.));
#1895=DIRECTION('ref_axis',(-1.,0.,0.));
#1896=DIRECTION('',(0.,0.,-1.));
#1897=DIRECTION('center_axis',(0.,0.,1.));
#1898=DIRECTION('ref_axis',(-1.,0.,0.));
#1899=DIRECTION('',(0.,0.,1.));
#1900=DIRECTION('center_axis',(0.,0.,1.));
#1901=DIRECTION('ref_axis',(-1.,0.,0.));
#1902=DIRECTION('',(0.,0.,1.));
#1903=DIRECTION('center_axis',(0.,1.,0.));
#1904=DIRECTION('ref_axis',(-1.,0.,0.));
#1905=DIRECTION('',(-1.,0.,0.));
#1906=DIRECTION('',(0.,0.,1.));
#1907=DIRECTION('center_axis',(-1.,0.,0.));
#1908=DIRECTION('ref_axis',(0.,-1.,0.));
#1909=DIRECTION('',(0.,-1.,0.));
#1910=DIRECTION('center_axis',(0.,0.,1.));
#1911=DIRECTION('ref_axis',(-1.,0.,0.));
#1912=DIRECTION('',(0.,-1.,0.));
#1913=DIRECTION('center_axis',(-1.,0.,0.));
#1914=DIRECTION('ref_axis',(0.,-1.,0.));
#1915=DIRECTION('center_axis',(0.,0.,1.));
#1916=DIRECTION('ref_axis',(-1.,0.,0.));
#1917=DIRECTION('',(0.,0.,1.));
#1918=DIRECTION('',(0.,0.,1.));
#1919=DIRECTION('center_axis',(1.,0.,0.));
#1920=DIRECTION('ref_axis',(0.,1.,0.));
#1921=DIRECTION('center_axis',(0.,0.,1.));
#1922=DIRECTION('ref_axis',(-1.,0.,0.));
#1923=DIRECTION('',(0.,0.,-1.));
#1924=DIRECTION('center_axis',(-1.,1.25626367708646E-15,0.));
#1925=DIRECTION('ref_axis',(-1.25626367708646E-15,-1.,0.));
#1926=DIRECTION('center_axis',(1.,0.,0.));
#1927=DIRECTION('ref_axis',(0.,1.,0.));
#1928=CARTESIAN_POINT('',(0.,0.,0.));
#1929=CARTESIAN_POINT('Origin',(-17.6535,-13.4625,5.5));
#1930=CARTESIAN_POINT('',(-19.9214891975052,-16.9975,16.));
#1931=CARTESIAN_POINT('',(-19.9214891975052,-16.9975,5.5));
#1932=CARTESIAN_POINT('',(-19.9214891975052,-16.9975,5.5));
#1933=CARTESIAN_POINT('',(-15.3855108024949,-16.9975,16.));
#1934=CARTESIAN_POINT('Origin',(-17.6535,-13.4625,16.));
#1935=CARTESIAN_POINT('',(-15.3855108024949,-16.9975,5.5));
#1936=CARTESIAN_POINT('',(-15.3855108024949,-16.9975,5.5));
#1937=CARTESIAN_POINT('Origin',(-17.6535,-13.4625,5.5));
#1938=CARTESIAN_POINT('Origin',(-28.9565,13.9705,5.5));
#1939=CARTESIAN_POINT('',(-26.0449246532161,16.9975,16.));
#1940=CARTESIAN_POINT('',(-26.0449246532161,16.9975,5.5));
#1941=CARTESIAN_POINT('',(-26.0449246532161,16.9975,5.5));
#1942=CARTESIAN_POINT('',(-31.868075346784,16.9975,16.));
#1943=CARTESIAN_POINT('Origin',(-28.9565,13.9705,16.));
#1944=CARTESIAN_POINT('',(-31.868075346784,16.9975,5.5));
#1945=CARTESIAN_POINT('',(-31.868075346784,16.9975,5.5));
#1946=CARTESIAN_POINT('Origin',(-28.9565,13.9705,5.5));
#1947=CARTESIAN_POINT('Origin',(-17.6535,-12.48,5.5));
#1948=CARTESIAN_POINT('',(-12.1535,-16.9975,5.5));
#1949=CARTESIAN_POINT('',(13.261,-16.9975,5.5));
#1950=CARTESIAN_POINT('',(-12.1535,-13.4625,5.5));
#1951=CARTESIAN_POINT('',(-12.1535,-13.4625,5.5));
#1952=CARTESIAN_POINT('',(-23.1535,-13.4625,5.5));
#1953=CARTESIAN_POINT('Origin',(-17.6535,-13.4625,5.5));
#1954=CARTESIAN_POINT('',(-23.1535,-16.9975,5.5));
#1955=CARTESIAN_POINT('',(-23.1535,-13.4625,5.5));
#1956=CARTESIAN_POINT('',(13.261,-16.9975,5.5));
#1957=CARTESIAN_POINT('',(-15.9535,-13.4625,5.5));
#1958=CARTESIAN_POINT('Origin',(-17.6535,-13.4625,5.5));
#1959=CARTESIAN_POINT('Origin',(44.1755,-16.9975,0.));
#1960=CARTESIAN_POINT('',(44.1755,-16.9975,16.));
#1961=CARTESIAN_POINT('',(44.1755,-16.9975,16.));
#1962=CARTESIAN_POINT('',(44.1755,-16.9975,5.5));
#1963=CARTESIAN_POINT('',(44.1755,-16.9975,0.));
#1964=CARTESIAN_POINT('',(34.3785,-16.9975,5.5));
#1965=CARTESIAN_POINT('',(41.72625,-16.9975,5.5));
#1966=CARTESIAN_POINT('',(34.3785,-16.9975,7.));
#1967=CARTESIAN_POINT('',(34.3785,-16.9975,0.));
#1968=CARTESIAN_POINT('',(-12.1535,-16.9975,7.));
#1969=CARTESIAN_POINT('',(39.277,-16.9975,7.));
#1970=CARTESIAN_POINT('',(-12.1535,-16.9975,0.));
#1971=CARTESIAN_POINT('Origin',(-28.9565,12.734,5.5));
#1972=CARTESIAN_POINT('',(-34.4565,16.9975,5.5));
#1973=CARTESIAN_POINT('',(-36.566,16.9975,5.5));
#1974=CARTESIAN_POINT('',(-34.4565,13.9705,5.5));
#1975=CARTESIAN_POINT('',(-34.4565,13.9705,5.5));
#1976=CARTESIAN_POINT('',(-23.4565,13.9705,5.5));
#1977=CARTESIAN_POINT('Origin',(-28.9565,13.9705,5.5));
#1978=CARTESIAN_POINT('',(-23.4565,16.9975,5.5));
#1979=CARTESIAN_POINT('',(-23.4565,13.9705,5.5));
#1980=CARTESIAN_POINT('',(-36.566,16.9975,5.5));
#1981=CARTESIAN_POINT('',(-27.2565,13.9705,5.5));
#1982=CARTESIAN_POINT('Origin',(-28.9565,13.9705,5.5));
#1983=CARTESIAN_POINT('Origin',(-44.1755,16.9975,0.));
#1984=CARTESIAN_POINT('',(-44.1755,16.9975,16.));
#1985=CARTESIAN_POINT('',(-44.1755,16.9975,16.));
#1986=CARTESIAN_POINT('',(-44.1755,16.9975,0.));
#1987=CARTESIAN_POINT('',(-44.1755,16.9975,0.));
#1988=CARTESIAN_POINT('',(-34.4565,16.9975,0.));
#1989=CARTESIAN_POINT('',(-22.08775,16.9975,0.));
#1990=CARTESIAN_POINT('',(-34.4565,16.9975,0.));
#1991=CARTESIAN_POINT('Origin',(18.5143554418918,19.5243843754614,6.90411871556492));
#1992=CARTESIAN_POINT('',(18.5143554418918,19.4975,6.90411871556492));
#1993=CARTESIAN_POINT('',(18.5143554418918,19.4975,13.6041187155649));
#1994=CARTESIAN_POINT('',(18.5143554418918,19.4975,3.45205935778246));
#1995=CARTESIAN_POINT('',(18.5143554418918,16.9975,6.90411871556492));
#1996=CARTESIAN_POINT('',(18.5143554418918,19.5243843754614,6.90411871556492));
#1997=CARTESIAN_POINT('',(18.5143554418918,16.9975,13.6041187155649));
#1998=CARTESIAN_POINT('',(18.5143554418918,16.9975,3.45205935778246));
#1999=CARTESIAN_POINT('',(18.5143554418918,19.5243843754614,13.6041187155649));
#2000=CARTESIAN_POINT('Origin',(18.5143554418918,19.5243843754614,13.6041187155649));
#2001=CARTESIAN_POINT('',(8.15435544189178,19.4975,13.6041187155649));
#2002=CARTESIAN_POINT('',(-13.8305722790541,19.4975,13.6041187155649));
#2003=CARTESIAN_POINT('',(8.15435544189178,16.9975,13.6041187155649));
#2004=CARTESIAN_POINT('',(-12.8305722790541,16.9975,13.6041187155649));
#2005=CARTESIAN_POINT('',(8.15435544189178,19.5243843754614,13.6041187155649));
#2006=CARTESIAN_POINT('Origin',(8.15435544189178,19.5243843754614,13.6041187155649));
#2007=CARTESIAN_POINT('',(8.15435544189178,19.4975,6.90411871556492));
#2008=CARTESIAN_POINT('',(8.15435544189178,19.4975,6.80205935778246));
#2009=CARTESIAN_POINT('',(8.15435544189178,16.9975,6.90411871556492));
#2010=CARTESIAN_POINT('',(8.15435544189178,16.9975,6.80205935778246));
#2011=CARTESIAN_POINT('',(8.15435544189178,19.5243843754614,6.90411871556492));
#2012=CARTESIAN_POINT('Origin',(8.15435544189178,19.5243843754614,6.90411871556492));
#2013=CARTESIAN_POINT('',(-19.0105722790541,19.4975,6.90411871556493));
#2014=CARTESIAN_POINT('',(-18.0105722790541,16.9975,6.90411871556493));
#2015=CARTESIAN_POINT('Ctrl Pts',(-44.6755,-18.9975,-1.));
#2016=CARTESIAN_POINT('Ctrl Pts',(-44.6755,-19.9975,-1.));
#2017=CARTESIAN_POINT('Ctrl Pts',(-43.6755,-19.9975,-1.));
#2018=CARTESIAN_POINT('Ctrl Pts',(-46.1755,-18.9975,-1.));
#2019=CARTESIAN_POINT('Ctrl Pts',(-46.1755,-21.4975,-1.));
#2020=CARTESIAN_POINT('Ctrl Pts',(-43.6755,-21.4975,-1.));
#2021=CARTESIAN_POINT('Ctrl Pts',(-46.1755,-18.9975,0.5));
#2022=CARTESIAN_POINT('Ctrl Pts',(-46.1755,-21.4975,0.5));
#2023=CARTESIAN_POINT('Ctrl Pts',(-43.6755,-21.4975,0.5));
#2024=CARTESIAN_POINT('',(-46.1755,-18.9975,0.5));
#2025=CARTESIAN_POINT('',(-44.6755,-18.9975,-1.));
#2026=CARTESIAN_POINT('Origin',(-44.6755,-18.9975,0.5));
#2027=CARTESIAN_POINT('',(-43.6755,-19.9975,-1.));
#2028=CARTESIAN_POINT('Origin',(-43.6755,-18.9975,-1.));
#2029=CARTESIAN_POINT('',(-43.6755,-21.4975,0.5));
#2030=CARTESIAN_POINT('Origin',(-43.6755,-19.9975,0.5));
#2031=CARTESIAN_POINT('Origin',(-43.6755,-18.9975,0.5));
#2032=CARTESIAN_POINT('Origin',(23.08775,-19.9975,0.5));
#2033=CARTESIAN_POINT('',(43.6755,-19.9975,-1.));
#2034=CARTESIAN_POINT('',(43.6755,-21.4975,0.5));
#2035=CARTESIAN_POINT('Origin',(43.6755,-19.9975,0.5));
#2036=CARTESIAN_POINT('',(23.08775,-21.4975,0.5));
#2037=CARTESIAN_POINT('',(23.08775,-19.9975,-1.));
#2038=CARTESIAN_POINT('Ctrl Pts',(43.6755,-19.9975,-1.));
#2039=CARTESIAN_POINT('Ctrl Pts',(44.6755,-19.9975,-1.));
#2040=CARTESIAN_POINT('Ctrl Pts',(44.6755,-18.9975,-1.));
#2041=CARTESIAN_POINT('Ctrl Pts',(43.6755,-21.4975,-1.));
#2042=CARTESIAN_POINT('Ctrl Pts',(46.1755,-21.4975,-1.));
#2043=CARTESIAN_POINT('Ctrl Pts',(46.1755,-18.9975,-1.));
#2044=CARTESIAN_POINT('Ctrl Pts',(43.6755,-21.4975,0.5));
#2045=CARTESIAN_POINT('Ctrl Pts',(46.1755,-21.4975,0.5));
#2046=CARTESIAN_POINT('Ctrl Pts',(46.1755,-18.9975,0.5));
#2047=CARTESIAN_POINT('',(44.6755,-18.9975,-1.));
#2048=CARTESIAN_POINT('',(46.1755,-18.9975,0.5));
#2049=CARTESIAN_POINT('Origin',(44.6755,-18.9975,0.5));
#2050=CARTESIAN_POINT('Origin',(43.6755,-18.9975,0.5));
#2051=CARTESIAN_POINT('Origin',(43.6755,-18.9975,-1.));
#2052=CARTESIAN_POINT('Origin',(44.6755,9.24875,0.5));
#2053=CARTESIAN_POINT('',(44.6755,16.9975,-1.));
#2054=CARTESIAN_POINT('',(46.1755,16.9975,0.5));
#2055=CARTESIAN_POINT('Origin',(44.6755,16.9975,0.5));
#2056=CARTESIAN_POINT('',(46.1755,9.24875,0.5));
#2057=CARTESIAN_POINT('',(44.6755,9.24875,-1.));
#2058=CARTESIAN_POINT('Ctrl Pts',(44.6755,16.9975,-1.));
#2059=CARTESIAN_POINT('Ctrl Pts',(44.6755,17.9975,-1.));
#2060=CARTESIAN_POINT('Ctrl Pts',(43.6755,17.9975,-1.));
#2061=CARTESIAN_POINT('Ctrl Pts',(46.1755,16.9975,-1.));
#2062=CARTESIAN_POINT('Ctrl Pts',(46.1755,19.4975,-1.));
#2063=CARTESIAN_POINT('Ctrl Pts',(43.6755,19.4975,-1.));
#2064=CARTESIAN_POINT('Ctrl Pts',(46.1755,16.9975,0.5));
#2065=CARTESIAN_POINT('Ctrl Pts',(46.1755,19.4975,0.5));
#2066=CARTESIAN_POINT('Ctrl Pts',(43.6755,19.4975,0.5));
#2067=CARTESIAN_POINT('',(43.6755,17.9975,-1.));
#2068=CARTESIAN_POINT('',(43.6755,19.4975,0.5));
#2069=CARTESIAN_POINT('Origin',(43.6755,17.9975,0.5));
#2070=CARTESIAN_POINT('Origin',(43.6755,16.9975,0.5));
#2071=CARTESIAN_POINT('Origin',(43.6755,16.9975,-1.));
#2072=CARTESIAN_POINT('Origin',(-23.08775,17.9975,0.5));
#2073=CARTESIAN_POINT('',(-43.6755,17.9975,-1.));
#2074=CARTESIAN_POINT('',(-43.6755,19.4975,0.5));
#2075=CARTESIAN_POINT('Origin',(-43.6755,17.9975,0.5));
#2076=CARTESIAN_POINT('',(-23.08775,19.4975,0.5));
#2077=CARTESIAN_POINT('',(-23.08775,17.9975,-1.));
#2078=CARTESIAN_POINT('Ctrl Pts',(-43.6755,17.9975,-1.));
#2079=CARTESIAN_POINT('Ctrl Pts',(-44.6755,17.9975,-1.));
#2080=CARTESIAN_POINT('Ctrl Pts',(-44.6755,16.9975,-1.));
#2081=CARTESIAN_POINT('Ctrl Pts',(-43.6755,19.4975,-1.));
#2082=CARTESIAN_POINT('Ctrl Pts',(-46.1755,19.4975,-1.));
#2083=CARTESIAN_POINT('Ctrl Pts',(-46.1755,16.9975,-1.));
#2084=CARTESIAN_POINT('Ctrl Pts',(-43.6755,19.4975,0.5));
#2085=CARTESIAN_POINT('Ctrl Pts',(-46.1755,19.4975,0.5));
#2086=CARTESIAN_POINT('Ctrl Pts',(-46.1755,16.9975,0.5));
#2087=CARTESIAN_POINT('',(-44.6755,16.9975,-1.));
#2088=CARTESIAN_POINT('',(-46.1755,16.9975,0.5));
#2089=CARTESIAN_POINT('Origin',(-44.6755,16.9975,0.5));
#2090=CARTESIAN_POINT('Origin',(-43.6755,16.9975,0.5));
#2091=CARTESIAN_POINT('Origin',(-43.6755,16.9975,-1.));
#2092=CARTESIAN_POINT('Origin',(-44.6755,-11.24875,0.5));
#2093=CARTESIAN_POINT('',(-44.6755,-11.24875,-1.));
#2094=CARTESIAN_POINT('',(-46.1755,-11.24875,0.5));
#2095=CARTESIAN_POINT('Origin',(-46.1755,19.4975,0.));
#2096=CARTESIAN_POINT('',(-43.6755,19.4975,16.));
#2097=CARTESIAN_POINT('',(-43.6755,19.4975,0.));
#2098=CARTESIAN_POINT('',(43.6755,19.4975,16.));
#2099=CARTESIAN_POINT('',(-46.1755,19.4975,16.));
#2100=CARTESIAN_POINT('',(43.6755,19.4975,0.));
#2101=CARTESIAN_POINT('Origin',(-43.6755,16.9975,0.));
#2102=CARTESIAN_POINT('',(-46.1755,16.9975,16.));
#2103=CARTESIAN_POINT('',(-46.1755,16.9975,0.));
#2104=CARTESIAN_POINT('Origin',(-43.6755,16.9975,16.));
#2105=CARTESIAN_POINT('Origin',(-46.1755,-21.4975,0.));
#2106=CARTESIAN_POINT('',(-46.1755,-18.9975,16.));
#2107=CARTESIAN_POINT('',(-46.1755,-18.9975,0.));
#2108=CARTESIAN_POINT('',(-46.1755,-21.4975,16.));
#2109=CARTESIAN_POINT('',(-46.1755,-2.5485,6.586));
#2110=CARTESIAN_POINT('',(-46.1755,-2.5485,11.746));
#2111=CARTESIAN_POINT('',(-46.1755,-2.5485,5.623));
#2112=CARTESIAN_POINT('',(-46.1755,8.39150000000001,6.586));
#2113=CARTESIAN_POINT('',(-46.1755,-11.773,6.586));
#2114=CARTESIAN_POINT('',(-46.1755,8.39150000000001,11.746));
#2115=CARTESIAN_POINT('',(-46.1755,8.39150000000001,3.543));
#2116=CARTESIAN_POINT('',(-46.1755,-6.80299999999999,11.746));
#2117=CARTESIAN_POINT('Origin',(-43.6755,-18.9975,0.));
#2118=CARTESIAN_POINT('',(-43.6755,-21.4975,16.));
#2119=CARTESIAN_POINT('',(-43.6755,-21.4975,0.));
#2120=CARTESIAN_POINT('Origin',(-43.6755,-18.9975,16.));
#2121=CARTESIAN_POINT('Origin',(-1.77635683940025E-14,-0.999999999999992,
-1.));
#2122=CARTESIAN_POINT('',(43.8785,-11.5575,-1.));
#2123=CARTESIAN_POINT('Origin',(39.8785,-11.5575,-1.));
#2124=CARTESIAN_POINT('',(-13.6535,-13.4625,-1.));
#2125=CARTESIAN_POINT('Origin',(-17.6535,-13.4625,-1.));
#2126=CARTESIAN_POINT('',(-24.9565,13.9705,-1.));
#2127=CARTESIAN_POINT('Origin',(-28.9565,13.9705,-1.));
#2128=CARTESIAN_POINT('Origin',(43.6755,-18.9975,0.));
#2129=CARTESIAN_POINT('',(46.1755,-18.9975,16.));
#2130=CARTESIAN_POINT('',(46.1755,-18.9975,0.));
#2131=CARTESIAN_POINT('',(43.6755,-21.4975,16.));
#2132=CARTESIAN_POINT('Origin',(43.6755,-18.9975,16.));
#2133=CARTESIAN_POINT('',(43.6755,-21.4975,0.));
#2134=CARTESIAN_POINT('Origin',(46.1755,-21.4975,0.));
#2135=CARTESIAN_POINT('',(46.1755,-21.4975,16.));
#2136=CARTESIAN_POINT('Origin',(-1.77635683940025E-14,-0.999999999999992,
16.));
#2137=CARTESIAN_POINT('',(46.1755,16.9975,16.));
#2138=CARTESIAN_POINT('',(46.1755,19.4975,16.));
#2139=CARTESIAN_POINT('Origin',(43.6755,16.9975,16.));
#2140=CARTESIAN_POINT('',(-44.1755,-16.9975,16.));
#2141=CARTESIAN_POINT('',(44.1755,-16.9975,16.));
#2142=CARTESIAN_POINT('',(-44.1755,-16.9975,16.));
#2143=CARTESIAN_POINT('',(44.1755,16.9975,16.));
#2144=CARTESIAN_POINT('',(-44.1755,16.9975,16.));
#2145=CARTESIAN_POINT('',(44.1755,16.9975,16.));
#2146=CARTESIAN_POINT('Origin',(43.6755,16.9975,0.));
#2147=CARTESIAN_POINT('',(46.1755,16.9975,0.));
#2148=CARTESIAN_POINT('Origin',(46.1755,19.4975,0.));
#2149=CARTESIAN_POINT('Origin',(-13.7535,11.6025,0.));
#2150=CARTESIAN_POINT('',(-13.7535,6.00250000000001,0.));
#2151=CARTESIAN_POINT('',(-13.7535,11.6025,0.));
#2152=CARTESIAN_POINT('',(-13.7535,5.30125000000001,0.));
#2153=CARTESIAN_POINT('',(-13.7535,6.00250000000001,3.25));
#2154=CARTESIAN_POINT('',(-13.7535,6.00250000000001,0.));
#2155=CARTESIAN_POINT('',(-13.7535,11.6025,3.25));
#2156=CARTESIAN_POINT('',(-13.7535,6.00250000000001,3.25));
#2157=CARTESIAN_POINT('',(-13.7535,11.6025,0.));
#2158=CARTESIAN_POINT('Origin',(-8.15350000000002,11.6025,0.));
#2159=CARTESIAN_POINT('',(-8.15350000000002,11.6025,0.));
#2160=CARTESIAN_POINT('',(-4.07675000000002,11.6025,0.));
#2161=CARTESIAN_POINT('',(-8.15350000000002,11.6025,3.25));
#2162=CARTESIAN_POINT('',(-13.7535,11.6025,3.25));
#2163=CARTESIAN_POINT('',(-8.15350000000002,11.6025,0.));
#2164=CARTESIAN_POINT('Origin',(-8.15350000000002,10.0025,0.));
#2165=CARTESIAN_POINT('',(-8.15350000000002,10.0025,0.));
#2166=CARTESIAN_POINT('',(-8.15350000000002,4.50125000000001,0.));
#2167=CARTESIAN_POINT('',(-8.15350000000002,10.0025,3.25));
#2168=CARTESIAN_POINT('',(-8.15350000000002,11.6025,3.25));
#2169=CARTESIAN_POINT('',(-8.15350000000002,10.0025,0.));
#2170=CARTESIAN_POINT('Origin',(-12.1535,10.0025,0.));
#2171=CARTESIAN_POINT('',(-12.1535,10.0025,0.));
#2172=CARTESIAN_POINT('',(-6.07675000000002,10.0025,0.));
#2173=CARTESIAN_POINT('',(-12.1535,10.0025,3.25));
#2174=CARTESIAN_POINT('',(-12.1535,10.0025,3.25));
#2175=CARTESIAN_POINT('',(-12.1535,10.0025,0.));
#2176=CARTESIAN_POINT('Origin',(-12.1535,6.00250000000001,0.));
#2177=CARTESIAN_POINT('',(-12.1535,6.00250000000001,0.));
#2178=CARTESIAN_POINT('',(-12.1535,2.50125000000001,0.));
#2179=CARTESIAN_POINT('',(-12.1535,6.00250000000001,3.25));
#2180=CARTESIAN_POINT('',(-12.1535,6.00250000000001,3.25));
#2181=CARTESIAN_POINT('',(-12.1535,6.00250000000001,0.));
#2182=CARTESIAN_POINT('Origin',(-13.7535,6.00250000000001,0.));
#2183=CARTESIAN_POINT('',(-6.87675000000002,6.00250000000001,0.));
#2184=CARTESIAN_POINT('',(-13.7535,6.00250000000001,3.25));
#2185=CARTESIAN_POINT('Origin',(-10.9535,8.80250000000001,3.25));
#2186=CARTESIAN_POINT('Origin',(25.4465,11.6025,0.));
#2187=CARTESIAN_POINT('',(19.8465,11.6025,0.));
#2188=CARTESIAN_POINT('',(25.4465,11.6025,0.));
#2189=CARTESIAN_POINT('',(12.72325,11.6025,0.));
#2190=CARTESIAN_POINT('',(19.8465,11.6025,3.25));
#2191=CARTESIAN_POINT('',(19.8465,11.6025,0.));
#2192=CARTESIAN_POINT('',(25.4465,11.6025,3.25));
#2193=CARTESIAN_POINT('',(19.8465,11.6025,3.25));
#2194=CARTESIAN_POINT('',(25.4465,11.6025,0.));
#2195=CARTESIAN_POINT('Origin',(25.4465,6.00250000000001,0.));
#2196=CARTESIAN_POINT('',(25.4465,6.00250000000001,0.));
#2197=CARTESIAN_POINT('',(25.4465,2.50125000000001,0.));
#2198=CARTESIAN_POINT('',(25.4465,6.00250000000001,3.25));
#2199=CARTESIAN_POINT('',(25.4465,11.6025,3.25));
#2200=CARTESIAN_POINT('',(25.4465,6.00250000000001,0.));
#2201=CARTESIAN_POINT('Origin',(23.8465,6.0025,0.));
#2202=CARTESIAN_POINT('',(23.8465,6.0025,0.));
#2203=CARTESIAN_POINT('',(11.92325,6.00249999999997,0.));
#2204=CARTESIAN_POINT('',(23.8465,6.0025,3.25));
#2205=CARTESIAN_POINT('',(25.4465,6.00250000000001,3.25));
#2206=CARTESIAN_POINT('',(23.8465,6.0025,0.));
#2207=CARTESIAN_POINT('Origin',(23.8465,10.0025,0.));
#2208=CARTESIAN_POINT('',(23.8465,10.0025,0.));
#2209=CARTESIAN_POINT('',(23.8465,4.50125000000001,0.));
#2210=CARTESIAN_POINT('',(23.8465,10.0025,3.25));
#2211=CARTESIAN_POINT('',(23.8465,6.0025,3.25));
#2212=CARTESIAN_POINT('',(23.8465,10.0025,0.));
#2213=CARTESIAN_POINT('Origin',(19.8465,10.0025,0.));
#2214=CARTESIAN_POINT('',(19.8465,10.0025,0.));
#2215=CARTESIAN_POINT('',(9.92324999999998,10.0025,0.));
#2216=CARTESIAN_POINT('',(19.8465,10.0025,3.25));
#2217=CARTESIAN_POINT('',(23.8465,10.0025,3.25));
#2218=CARTESIAN_POINT('',(19.8465,10.0025,0.));
#2219=CARTESIAN_POINT('Origin',(19.8465,11.6025,0.));
#2220=CARTESIAN_POINT('',(19.8465,5.30125000000001,0.));
#2221=CARTESIAN_POINT('',(19.8465,11.6025,3.25));
#2222=CARTESIAN_POINT('Origin',(22.6465,8.80250000000001,3.25));
#2223=CARTESIAN_POINT('Origin',(39.277,-17.7475,6.25));
#2224=CARTESIAN_POINT('',(-12.1535,-18.4975,5.5));
#2225=CARTESIAN_POINT('',(-12.1535,-19.1225,4.875));
#2226=CARTESIAN_POINT('',(34.3785,-18.4975,5.5));
#2227=CARTESIAN_POINT('',(34.3785,-17.7625,6.235));
#2228=CARTESIAN_POINT('',(39.277,-18.4975,5.5));
#2229=CARTESIAN_POINT('Origin',(34.3785,-16.9975,5.5));
#2230=CARTESIAN_POINT('',(34.3785,-20.4975,5.5));
#2231=CARTESIAN_POINT('',(34.3785,-16.9975,5.5));
#2232=CARTESIAN_POINT('',(-12.1535,-20.4975,5.5));
#2233=CARTESIAN_POINT('',(34.3785,-20.4975,5.5));
#2234=CARTESIAN_POINT('',(-12.1535,-16.9975,5.5));
#2235=CARTESIAN_POINT('Origin',(11.1125,-20.4975,2.75));
#2236=CARTESIAN_POINT('',(-12.1535,-20.4975,0.));
#2237=CARTESIAN_POINT('',(34.3785,-20.4975,0.));
#2238=CARTESIAN_POINT('',(-12.1535,-20.4975,0.));
#2239=CARTESIAN_POINT('',(-12.1535,-20.4975,5.5));
#2240=CARTESIAN_POINT('',(34.3785,-20.4975,0.));
#2241=CARTESIAN_POINT('Origin',(44.1755,-16.9975,0.));
#2242=CARTESIAN_POINT('',(-23.1535,-16.9975,0.));
#2243=CARTESIAN_POINT('',(-23.1535,-16.9975,0.));
#2244=CARTESIAN_POINT('',(-44.1755,-16.9975,0.));
#2245=CARTESIAN_POINT('',(22.08775,-16.9975,0.));
#2246=CARTESIAN_POINT('',(-44.1755,-16.9975,0.));
#2247=CARTESIAN_POINT('Origin',(-45.9255,-2.29849999999999,5.623));
#2248=CARTESIAN_POINT('',(-45.6755,-2.04849999999999,11.246));
#2249=CARTESIAN_POINT('',(-46.1755,-2.5485,11.746));
#2250=CARTESIAN_POINT('',(-45.6755,-2.04849999999999,7.086));
#2251=CARTESIAN_POINT('',(-45.6755,-2.04849999999999,5.623));
#2252=CARTESIAN_POINT('',(-45.6755,-2.04849999999999,7.086));
#2253=CARTESIAN_POINT('Origin',(-45.9255,-6.80299999999999,11.496));
#2254=CARTESIAN_POINT('',(-45.6755,7.89150000000001,11.246));
#2255=CARTESIAN_POINT('',(-46.1755,8.39150000000001,11.746));
#2256=CARTESIAN_POINT('',(-45.6755,-6.80299999999999,11.246));
#2257=CARTESIAN_POINT('Origin',(-45.9255,8.14150000000001,3.543));
#2258=CARTESIAN_POINT('',(-45.6755,7.89150000000001,7.086));
#2259=CARTESIAN_POINT('',(-45.6755,7.89150000000001,3.543));
#2260=CARTESIAN_POINT('',(-46.1755,8.39150000000001,6.586));
#2261=CARTESIAN_POINT('Origin',(-45.9255,-11.773,6.836));
#2262=CARTESIAN_POINT('',(-45.6755,-11.773,7.086));
#2263=CARTESIAN_POINT('Origin',(-46.1755,-2.04849999999999,7.086));
#2264=CARTESIAN_POINT('',(-44.1755,-2.04849999999999,7.086));
#2265=CARTESIAN_POINT('',(-46.1755,-2.04849999999999,7.086));
#2266=CARTESIAN_POINT('',(-44.1755,7.89150000000001,7.086));
#2267=CARTESIAN_POINT('',(-44.1755,-9.52299999999999,7.086));
#2268=CARTESIAN_POINT('',(-46.1755,7.89150000000001,7.086));
#2269=CARTESIAN_POINT('Origin',(-46.1755,-2.04849999999999,11.246));
#2270=CARTESIAN_POINT('',(-44.1755,-2.04849999999999,11.246));
#2271=CARTESIAN_POINT('',(-46.1755,-2.04849999999999,11.246));
#2272=CARTESIAN_POINT('',(-44.1755,-2.0485,5.623));
#2273=CARTESIAN_POINT('Origin',(-46.1755,7.89150000000001,7.086));
#2274=CARTESIAN_POINT('',(-44.1755,7.89150000000001,11.246));
#2275=CARTESIAN_POINT('',(-44.1755,7.89150000000001,3.543));
#2276=CARTESIAN_POINT('',(-46.1755,7.89150000000001,11.246));
#2277=CARTESIAN_POINT('Origin',(-46.1755,7.89150000000001,11.246));
#2278=CARTESIAN_POINT('',(-44.1755,-4.55299999999999,11.246));
#2279=CARTESIAN_POINT('Origin',(39.8785,-11.5575,3.5));
#2280=CARTESIAN_POINT('',(41.5785,-11.5575,5.5));
#2281=CARTESIAN_POINT('Origin',(39.8785,-11.5575,5.5));
#2282=CARTESIAN_POINT('',(41.5785,-11.5575,3.5));
#2283=CARTESIAN_POINT('',(41.5785,-11.5575,3.5));
#2284=CARTESIAN_POINT('Origin',(39.8785,-11.5575,3.5));
#2285=CARTESIAN_POINT('Origin',(39.8785,-11.5575,3.5));
#2286=CARTESIAN_POINT('',(43.8785,-11.5575,3.5));
#2287=CARTESIAN_POINT('Origin',(39.8785,-11.5575,3.5));
#2288=CARTESIAN_POINT('Origin',(-17.6535,-13.4625,3.5));
#2289=CARTESIAN_POINT('',(-15.9535,-13.4625,3.5));
#2290=CARTESIAN_POINT('',(-15.9535,-13.4625,3.5));
#2291=CARTESIAN_POINT('Origin',(-17.6535,-13.4625,3.5));
#2292=CARTESIAN_POINT('Origin',(-17.6535,-13.4625,3.5));
#2293=CARTESIAN_POINT('',(-13.6535,-13.4625,3.5));
#2294=CARTESIAN_POINT('Origin',(-17.6535,-13.4625,3.5));
#2295=CARTESIAN_POINT('Origin',(-28.9565,13.9705,3.5));
#2296=CARTESIAN_POINT('',(-27.2565,13.9705,3.5));
#2297=CARTESIAN_POINT('',(-27.2565,13.9705,3.5));
#2298=CARTESIAN_POINT('Origin',(-28.9565,13.9705,3.5));
#2299=CARTESIAN_POINT('Origin',(-28.9565,13.9705,3.5));
#2300=CARTESIAN_POINT('',(-24.9565,13.9705,3.5));
#2301=CARTESIAN_POINT('Origin',(-28.9565,13.9705,3.5));
#2302=CARTESIAN_POINT('Origin',(-44.1755,16.9975,0.));
#2303=CARTESIAN_POINT('',(-23.4565,16.9975,0.));
#2304=CARTESIAN_POINT('',(-23.4565,16.9975,0.));
#2305=CARTESIAN_POINT('',(44.1755,16.9975,0.));
#2306=CARTESIAN_POINT('',(-22.08775,16.9975,0.));
#2307=CARTESIAN_POINT('',(44.1755,16.9975,0.));
#2308=CARTESIAN_POINT('Origin',(-28.9565,13.9705,0.));
#2309=CARTESIAN_POINT('',(-23.4565,13.9705,0.));
#2310=CARTESIAN_POINT('',(-34.4565,13.9705,0.));
#2311=CARTESIAN_POINT('Origin',(-28.9565,13.9705,0.));
#2312=CARTESIAN_POINT('',(-23.4565,13.9705,0.));
#2313=CARTESIAN_POINT('',(-34.4565,13.9705,0.));
#2314=CARTESIAN_POINT('Origin',(-34.4565,16.9975,0.));
#2315=CARTESIAN_POINT('',(-34.4565,7.99875000000001,0.));
#2316=CARTESIAN_POINT('Origin',(-28.9565,13.9705,0.));
#2317=CARTESIAN_POINT('',(-24.9565,13.9705,0.));
#2318=CARTESIAN_POINT('Origin',(-23.4565,13.9705,0.));
#2319=CARTESIAN_POINT('',(-23.4565,6.48525000000001,0.));
#2320=CARTESIAN_POINT('Origin',(-1.77635683940025E-14,-0.999999999999992,
0.));
#2321=CARTESIAN_POINT('',(-44.1755,-8.99874999999999,0.));
#2322=CARTESIAN_POINT('',(-23.1535,-13.4625,0.));
#2323=CARTESIAN_POINT('',(-23.1535,-7.23124999999998,0.));
#2324=CARTESIAN_POINT('',(-12.1535,-13.4625,0.));
#2325=CARTESIAN_POINT('Origin',(-17.6535,-13.4625,0.));
#2326=CARTESIAN_POINT('',(-12.1535,-16.9975,0.));
#2327=CARTESIAN_POINT('',(34.3785,-11.5575,0.));
#2328=CARTESIAN_POINT('',(34.3785,-16.9975,0.));
#2329=CARTESIAN_POINT('',(39.8785,-6.0575,0.));
#2330=CARTESIAN_POINT('Origin',(39.8785,-11.5575,0.));
#2331=CARTESIAN_POINT('',(44.1755,-6.0575,0.));
#2332=CARTESIAN_POINT('',(22.08775,-6.0575,0.));
#2333=CARTESIAN_POINT('',(44.1755,7.99875000000001,0.));
#2334=CARTESIAN_POINT('Origin',(39.8785,-11.5575,0.));
#2335=CARTESIAN_POINT('',(43.8785,-11.5575,0.));
#2336=CARTESIAN_POINT('Origin',(39.8785,-11.5575,0.));
#2337=CARTESIAN_POINT('',(34.3785,-11.5575,5.5));
#2338=CARTESIAN_POINT('',(34.3785,-11.5575,0.));
#2339=CARTESIAN_POINT('',(39.8785,-6.0575,5.5));
#2340=CARTESIAN_POINT('Origin',(39.8785,-11.5575,5.5));
#2341=CARTESIAN_POINT('',(39.8785,-6.0575,0.));
#2342=CARTESIAN_POINT('Origin',(44.1755,-6.0575,0.));
#2343=CARTESIAN_POINT('',(44.1755,-6.0575,5.5));
#2344=CARTESIAN_POINT('',(39.8785,-6.0575,5.5));
#2345=CARTESIAN_POINT('',(44.1755,-6.0575,0.));
#2346=CARTESIAN_POINT('Origin',(34.3785,-11.5575,0.));
#2347=CARTESIAN_POINT('',(34.3785,-11.5575,5.5));
#2348=CARTESIAN_POINT('Origin',(39.277,-11.5275,5.5));
#2349=CARTESIAN_POINT('',(44.1755,2.73500000000001,5.5));
#2350=CARTESIAN_POINT('Origin',(44.1755,16.9975,0.));
#2351=CARTESIAN_POINT('Origin',(-17.6535,-13.4625,0.));
#2352=CARTESIAN_POINT('',(-23.1535,-13.4625,0.));
#2353=CARTESIAN_POINT('',(-12.1535,-13.4625,0.));
#2354=CARTESIAN_POINT('Origin',(-12.1535,-16.9975,0.));
#2355=CARTESIAN_POINT('Origin',(-17.6535,-13.4625,0.));
#2356=CARTESIAN_POINT('',(-13.6535,-13.4625,0.));
#2357=CARTESIAN_POINT('Origin',(-23.1535,-13.4625,0.));
#2358=CARTESIAN_POINT('Origin',(-44.1755,-16.9975,0.));
#2359=UNCERTAINTY_MEASURE_WITH_UNIT(LENGTH_MEASURE(0.01),#2363,
'DISTANCE_ACCURACY_VALUE',
'Maximum model space distance between geometric entities at asserted c
onnectivities');
#2360=UNCERTAINTY_MEASURE_WITH_UNIT(LENGTH_MEASURE(0.01),#2363,
'DISTANCE_ACCURACY_VALUE',
'Maximum model space distance between geometric entities at asserted c
onnectivities');
#2361=(
GEOMETRIC_REPRESENTATION_CONTEXT(3)
GLOBAL_UNCERTAINTY_ASSIGNED_CONTEXT((#2359))
GLOBAL_UNIT_ASSIGNED_CONTEXT((#2363,#2365,#2366))
REPRESENTATION_CONTEXT('','3D')
);
#2362=(
GEOMETRIC_REPRESENTATION_CONTEXT(3)
GLOBAL_UNCERTAINTY_ASSIGNED_CONTEXT((#2360))
GLOBAL_UNIT_ASSIGNED_CONTEXT((#2363,#2365,#2366))
REPRESENTATION_CONTEXT('','3D')
);
#2363=(
LENGTH_UNIT()
NAMED_UNIT(*)
SI_UNIT(.MILLI.,.METRE.)
);
#2364=(
LENGTH_UNIT()
NAMED_UNIT(*)
SI_UNIT($,.METRE.)
);
#2365=(
NAMED_UNIT(*)
PLANE_ANGLE_UNIT()
SI_UNIT($,.RADIAN.)
);
#2366=(
NAMED_UNIT(*)
SI_UNIT($,.STERADIAN.)
SOLID_ANGLE_UNIT()
);
#2367=SHAPE_DEFINITION_REPRESENTATION(#2368,#2369);
#2368=PRODUCT_DEFINITION_SHAPE('',$,#2371);
#2369=SHAPE_REPRESENTATION('',(#1427),#2361);
#2370=PRODUCT_DEFINITION_CONTEXT('part definition',#2375,'design');
#2371=PRODUCT_DEFINITION('Base','Base v35',#2372,#2370);
#2372=PRODUCT_DEFINITION_FORMATION('',$,#2377);
#2373=PRODUCT_RELATED_PRODUCT_CATEGORY('Base v35','Base v35',(#2377));
#2374=APPLICATION_PROTOCOL_DEFINITION('international standard',
'automotive_design',2009,#2375);
#2375=APPLICATION_CONTEXT(
'Core Data for Automotive Mechanical Design Process');
#2376=PRODUCT_CONTEXT('part definition',#2375,'mechanical');
#2377=PRODUCT('Base','Base v35',$,(#2376));
#2378=PRESENTATION_STYLE_ASSIGNMENT((#2379));
#2379=SURFACE_STYLE_USAGE(.BOTH.,#2380);
#2380=SURFACE_SIDE_STYLE('',(#2381));
#2381=SURFACE_STYLE_FILL_AREA(#2382);
#2382=FILL_AREA_STYLE('Steel - Satin',(#2383));
#2383=FILL_AREA_STYLE_COLOUR('Steel - Satin',#2384);
#2384=COLOUR_RGB('Steel - Satin',0.627450980392157,0.627450980392157,0.627450980392157);
ENDSEC;
END-ISO-10303-21;
