ISO-10303-21;
HEADER;
/* Generated by software containing ST-Developer
 * from STEP Tools, Inc. (www.steptools.com) 
 */

FILE_DESCRIPTION(
/* description */ (''),
/* implementation_level */ '2;1');

FILE_NAME(
/* name */ 'Top.step',
/* time_stamp */ '2026-08-22T15:15:39+01:00',
/* author */ (''),
/* organization */ (''),
/* preprocessor_version */ 'ST-DEVELOPER v20.1',
/* originating_system */ 'Autodesk Translation Framework v15.8.0.0',
/* authorisation */ '');

FILE_SCHEMA (('AUTOMOTIVE_DESIGN { 1 0 10303 214 3 1 1 }'));
ENDSEC;

DATA;
#10=MECHANICAL_DESIGN_GEOMETRIC_PRESENTATION_REPRESENTATION('',(#98,#99),
#3112);
#11=ITEM_DEFINED_TRANSFORMATION($,$,#1904,#2052);
#12=(
REPRESENTATION_RELATIONSHIP($,$,#3123,#3122)
REPRESENTATION_RELATIONSHIP_WITH_TRANSFORMATION(#11)
SHAPE_REPRESENTATION_RELATIONSHIP()
);
#13=CONTEXT_DEPENDENT_SHAPE_REPRESENTATION(#12,#3121);
#14=NEXT_ASSEMBLY_USAGE_OCCURRENCE('Button v3:1','Button v3:1',
'Button v3:1',#3125,#3126,'Button v3:1');
#15=TOROIDAL_SURFACE('',#2014,1.75,0.75);
#16=TOROIDAL_SURFACE('',#2021,1.75,0.75);
#17=TOROIDAL_SURFACE('',#2027,1.75,0.75);
#18=TOROIDAL_SURFACE('',#2033,1.75,0.75);
#19=CYLINDRICAL_SURFACE('',#1925,3.75);
#20=CYLINDRICAL_SURFACE('',#1952,2.8);
#21=CYLINDRICAL_SURFACE('',#1957,2.5);
#22=CYLINDRICAL_SURFACE('',#1967,2.15);
#23=CYLINDRICAL_SURFACE('',#1968,2.15);
#24=CYLINDRICAL_SURFACE('',#1970,3.75);
#25=CYLINDRICAL_SURFACE('',#1974,2.3);
#26=CYLINDRICAL_SURFACE('',#1976,3.9);
#27=CYLINDRICAL_SURFACE('',#2019,0.75);
#28=CYLINDRICAL_SURFACE('',#2025,0.75);
#29=CYLINDRICAL_SURFACE('',#2031,0.75);
#30=CYLINDRICAL_SURFACE('',#2037,0.75);
#31=CYLINDRICAL_SURFACE('',#2039,2.5);
#32=CYLINDRICAL_SURFACE('',#2042,2.5);
#33=CYLINDRICAL_SURFACE('',#2046,2.5);
#34=CYLINDRICAL_SURFACE('',#2049,2.5);
#35=FACE_BOUND('',#218,.T.);
#36=FACE_BOUND('',#254,.T.);
#37=FACE_BOUND('',#258,.T.);
#38=FACE_BOUND('',#302,.T.);
#39=FACE_BOUND('',#303,.T.);
#40=FACE_BOUND('',#304,.T.);
#41=FACE_BOUND('',#310,.T.);
#42=FACE_BOUND('',#311,.T.);
#43=FACE_BOUND('',#312,.T.);
#44=FACE_BOUND('',#313,.T.);
#45=FACE_BOUND('',#314,.T.);
#46=FACE_BOUND('',#315,.T.);
#47=FACE_BOUND('',#316,.T.);
#48=CIRCLE('',#1916,2.8);
#49=CIRCLE('',#1918,2.8);
#50=CIRCLE('',#1920,2.8);
#51=CIRCLE('',#1923,3.75);
#52=CIRCLE('',#1924,2.15);
#53=CIRCLE('',#1926,3.75);
#54=CIRCLE('',#1927,3.75);
#55=CIRCLE('',#1928,3.75);
#56=CIRCLE('',#1946,2.8);
#57=CIRCLE('',#1947,2.8);
#58=CIRCLE('',#1953,2.8);
#59=CIRCLE('',#1958,2.5);
#60=CIRCLE('',#1959,2.5);
#61=CIRCLE('',#1962,2.3);
#62=CIRCLE('',#1964,2.15);
#63=CIRCLE('',#1966,2.15);
#64=CIRCLE('',#1969,2.15);
#65=CIRCLE('',#1971,3.75);
#66=CIRCLE('',#1972,3.75);
#67=CIRCLE('',#1975,2.3);
#68=CIRCLE('',#1977,3.9);
#69=CIRCLE('',#1978,3.9);
#70=CIRCLE('',#1979,3.9);
#71=CIRCLE('',#1980,3.9);
#72=CIRCLE('',#1981,3.9);
#73=CIRCLE('',#1982,3.9);
#74=CIRCLE('',#2015,0.750000000000002);
#75=CIRCLE('',#2016,1.75);
#76=CIRCLE('',#2017,0.75);
#77=CIRCLE('',#2018,2.5);
#78=CIRCLE('',#2020,0.75);
#79=CIRCLE('',#2022,0.75);
#80=CIRCLE('',#2023,2.5);
#81=CIRCLE('',#2024,1.75);
#82=CIRCLE('',#2026,0.75);
#83=CIRCLE('',#2028,0.75);
#84=CIRCLE('',#2029,2.5);
#85=CIRCLE('',#2030,1.75);
#86=CIRCLE('',#2032,0.75);
#87=CIRCLE('',#2034,0.75);
#88=CIRCLE('',#2035,2.5);
#89=CIRCLE('',#2036,1.75);
#90=CIRCLE('',#2040,2.5);
#91=CIRCLE('',#2043,2.5);
#92=CIRCLE('',#2047,2.5);
#93=CIRCLE('',#2050,2.5);
#94=SHAPE_REPRESENTATION_RELATIONSHIP('SRR','None',#3123,#96);
#95=SHAPE_REPRESENTATION_RELATIONSHIP('SRR','None',#3122,#97);
#96=ADVANCED_BREP_SHAPE_REPRESENTATION('',(#100),#3111);
#97=ADVANCED_BREP_SHAPE_REPRESENTATION('',(#101),#3110);
#98=STYLED_ITEM('',(#3136),#100);
#99=STYLED_ITEM('',(#3136),#101);
#100=MANIFOLD_SOLID_BREP('Body1',#1889);
#101=MANIFOLD_SOLID_BREP('Body1',#1890);
#102=FACE_OUTER_BOUND('',#203,.T.);
#103=FACE_OUTER_BOUND('',#204,.T.);
#104=FACE_OUTER_BOUND('',#205,.T.);
#105=FACE_OUTER_BOUND('',#206,.T.);
#106=FACE_OUTER_BOUND('',#207,.T.);
#107=FACE_OUTER_BOUND('',#208,.T.);
#108=FACE_OUTER_BOUND('',#209,.T.);
#109=FACE_OUTER_BOUND('',#210,.T.);
#110=FACE_OUTER_BOUND('',#211,.T.);
#111=FACE_OUTER_BOUND('',#212,.T.);
#112=FACE_OUTER_BOUND('',#213,.T.);
#113=FACE_OUTER_BOUND('',#214,.T.);
#114=FACE_OUTER_BOUND('',#215,.T.);
#115=FACE_OUTER_BOUND('',#216,.T.);
#116=FACE_OUTER_BOUND('',#217,.T.);
#117=FACE_OUTER_BOUND('',#219,.T.);
#118=FACE_OUTER_BOUND('',#220,.T.);
#119=FACE_OUTER_BOUND('',#221,.T.);
#120=FACE_OUTER_BOUND('',#222,.T.);
#121=FACE_OUTER_BOUND('',#223,.T.);
#122=FACE_OUTER_BOUND('',#224,.T.);
#123=FACE_OUTER_BOUND('',#225,.T.);
#124=FACE_OUTER_BOUND('',#226,.T.);
#125=FACE_OUTER_BOUND('',#227,.T.);
#126=FACE_OUTER_BOUND('',#228,.T.);
#127=FACE_OUTER_BOUND('',#229,.T.);
#128=FACE_OUTER_BOUND('',#230,.T.);
#129=FACE_OUTER_BOUND('',#231,.T.);
#130=FACE_OUTER_BOUND('',#232,.T.);
#131=FACE_OUTER_BOUND('',#233,.T.);
#132=FACE_OUTER_BOUND('',#234,.T.);
#133=FACE_OUTER_BOUND('',#235,.T.);
#134=FACE_OUTER_BOUND('',#236,.T.);
#135=FACE_OUTER_BOUND('',#237,.T.);
#136=FACE_OUTER_BOUND('',#238,.T.);
#137=FACE_OUTER_BOUND('',#239,.T.);
#138=FACE_OUTER_BOUND('',#240,.T.);
#139=FACE_OUTER_BOUND('',#241,.T.);
#140=FACE_OUTER_BOUND('',#242,.T.);
#141=FACE_OUTER_BOUND('',#243,.T.);
#142=FACE_OUTER_BOUND('',#244,.T.);
#143=FACE_OUTER_BOUND('',#245,.T.);
#144=FACE_OUTER_BOUND('',#246,.T.);
#145=FACE_OUTER_BOUND('',#247,.T.);
#146=FACE_OUTER_BOUND('',#248,.T.);
#147=FACE_OUTER_BOUND('',#249,.T.);
#148=FACE_OUTER_BOUND('',#250,.T.);
#149=FACE_OUTER_BOUND('',#251,.T.);
#150=FACE_OUTER_BOUND('',#252,.T.);
#151=FACE_OUTER_BOUND('',#253,.T.);
#152=FACE_OUTER_BOUND('',#255,.T.);
#153=FACE_OUTER_BOUND('',#256,.T.);
#154=FACE_OUTER_BOUND('',#257,.T.);
#155=FACE_OUTER_BOUND('',#259,.T.);
#156=FACE_OUTER_BOUND('',#260,.T.);
#157=FACE_OUTER_BOUND('',#261,.T.);
#158=FACE_OUTER_BOUND('',#262,.T.);
#159=FACE_OUTER_BOUND('',#263,.T.);
#160=FACE_OUTER_BOUND('',#264,.T.);
#161=FACE_OUTER_BOUND('',#265,.T.);
#162=FACE_OUTER_BOUND('',#266,.T.);
#163=FACE_OUTER_BOUND('',#267,.T.);
#164=FACE_OUTER_BOUND('',#268,.T.);
#165=FACE_OUTER_BOUND('',#269,.T.);
#166=FACE_OUTER_BOUND('',#270,.T.);
#167=FACE_OUTER_BOUND('',#271,.T.);
#168=FACE_OUTER_BOUND('',#272,.T.);
#169=FACE_OUTER_BOUND('',#273,.T.);
#170=FACE_OUTER_BOUND('',#274,.T.);
#171=FACE_OUTER_BOUND('',#275,.T.);
#172=FACE_OUTER_BOUND('',#276,.T.);
#173=FACE_OUTER_BOUND('',#277,.T.);
#174=FACE_OUTER_BOUND('',#278,.T.);
#175=FACE_OUTER_BOUND('',#279,.T.);
#176=FACE_OUTER_BOUND('',#280,.T.);
#177=FACE_OUTER_BOUND('',#281,.T.);
#178=FACE_OUTER_BOUND('',#282,.T.);
#179=FACE_OUTER_BOUND('',#283,.T.);
#180=FACE_OUTER_BOUND('',#284,.T.);
#181=FACE_OUTER_BOUND('',#285,.T.);
#182=FACE_OUTER_BOUND('',#286,.T.);
#183=FACE_OUTER_BOUND('',#287,.T.);
#184=FACE_OUTER_BOUND('',#288,.T.);
#185=FACE_OUTER_BOUND('',#289,.T.);
#186=FACE_OUTER_BOUND('',#290,.T.);
#187=FACE_OUTER_BOUND('',#291,.T.);
#188=FACE_OUTER_BOUND('',#292,.T.);
#189=FACE_OUTER_BOUND('',#293,.T.);
#190=FACE_OUTER_BOUND('',#294,.T.);
#191=FACE_OUTER_BOUND('',#295,.T.);
#192=FACE_OUTER_BOUND('',#296,.T.);
#193=FACE_OUTER_BOUND('',#297,.T.);
#194=FACE_OUTER_BOUND('',#298,.T.);
#195=FACE_OUTER_BOUND('',#299,.T.);
#196=FACE_OUTER_BOUND('',#300,.T.);
#197=FACE_OUTER_BOUND('',#301,.T.);
#198=FACE_OUTER_BOUND('',#305,.T.);
#199=FACE_OUTER_BOUND('',#306,.T.);
#200=FACE_OUTER_BOUND('',#307,.T.);
#201=FACE_OUTER_BOUND('',#308,.T.);
#202=FACE_OUTER_BOUND('',#309,.T.);
#203=EDGE_LOOP('',(#1183,#1184,#1185,#1186));
#204=EDGE_LOOP('',(#1187,#1188,#1189,#1190));
#205=EDGE_LOOP('',(#1191,#1192,#1193,#1194));
#206=EDGE_LOOP('',(#1195,#1196,#1197,#1198));
#207=EDGE_LOOP('',(#1199,#1200,#1201,#1202));
#208=EDGE_LOOP('',(#1203,#1204,#1205,#1206));
#209=EDGE_LOOP('',(#1207,#1208,#1209,#1210));
#210=EDGE_LOOP('',(#1211,#1212,#1213,#1214));
#211=EDGE_LOOP('',(#1215,#1216,#1217,#1218,#1219,#1220,#1221,#1222));
#212=EDGE_LOOP('',(#1223,#1224,#1225,#1226,#1227,#1228,#1229,#1230));
#213=EDGE_LOOP('',(#1231,#1232,#1233,#1234,#1235));
#214=EDGE_LOOP('',(#1236,#1237,#1238,#1239));
#215=EDGE_LOOP('',(#1240,#1241,#1242,#1243,#1244));
#216=EDGE_LOOP('',(#1245,#1246,#1247,#1248,#1249,#1250,#1251,#1252));
#217=EDGE_LOOP('',(#1253,#1254,#1255));
#218=EDGE_LOOP('',(#1256));
#219=EDGE_LOOP('',(#1257,#1258,#1259,#1260,#1261,#1262,#1263,#1264));
#220=EDGE_LOOP('',(#1265,#1266,#1267,#1268));
#221=EDGE_LOOP('',(#1269,#1270,#1271,#1272));
#222=EDGE_LOOP('',(#1273,#1274,#1275,#1276));
#223=EDGE_LOOP('',(#1277,#1278,#1279,#1280));
#224=EDGE_LOOP('',(#1281,#1282,#1283,#1284));
#225=EDGE_LOOP('',(#1285,#1286,#1287,#1288));
#226=EDGE_LOOP('',(#1289,#1290,#1291,#1292));
#227=EDGE_LOOP('',(#1293,#1294,#1295,#1296));
#228=EDGE_LOOP('',(#1297,#1298,#1299,#1300));
#229=EDGE_LOOP('',(#1301,#1302,#1303,#1304));
#230=EDGE_LOOP('',(#1305,#1306,#1307,#1308,#1309,#1310));
#231=EDGE_LOOP('',(#1311,#1312,#1313,#1314));
#232=EDGE_LOOP('',(#1315,#1316,#1317,#1318));
#233=EDGE_LOOP('',(#1319,#1320,#1321,#1322));
#234=EDGE_LOOP('',(#1323,#1324,#1325,#1326));
#235=EDGE_LOOP('',(#1327,#1328,#1329,#1330));
#236=EDGE_LOOP('',(#1331,#1332,#1333,#1334,#1335,#1336,#1337,#1338,#1339,
#1340,#1341,#1342,#1343,#1344,#1345,#1346,#1347,#1348,#1349,#1350));
#237=EDGE_LOOP('',(#1351,#1352,#1353,#1354));
#238=EDGE_LOOP('',(#1355,#1356,#1357,#1358,#1359,#1360));
#239=EDGE_LOOP('',(#1361,#1362,#1363,#1364));
#240=EDGE_LOOP('',(#1365,#1366,#1367,#1368));
#241=EDGE_LOOP('',(#1369,#1370,#1371,#1372,#1373,#1374,#1375,#1376,#1377,
#1378,#1379,#1380));
#242=EDGE_LOOP('',(#1381,#1382,#1383,#1384,#1385,#1386,#1387,#1388));
#243=EDGE_LOOP('',(#1389,#1390,#1391,#1392));
#244=EDGE_LOOP('',(#1393,#1394,#1395,#1396));
#245=EDGE_LOOP('',(#1397,#1398,#1399,#1400));
#246=EDGE_LOOP('',(#1401,#1402,#1403,#1404));
#247=EDGE_LOOP('',(#1405));
#248=EDGE_LOOP('',(#1406));
#249=EDGE_LOOP('',(#1407));
#250=EDGE_LOOP('',(#1408,#1409,#1410,#1411));
#251=EDGE_LOOP('',(#1412,#1413,#1414,#1415));
#252=EDGE_LOOP('',(#1416,#1417,#1418,#1419));
#253=EDGE_LOOP('',(#1420));
#254=EDGE_LOOP('',(#1421));
#255=EDGE_LOOP('',(#1422,#1423,#1424,#1425));
#256=EDGE_LOOP('',(#1426,#1427,#1428,#1429,#1430,#1431,#1432,#1433,#1434,
#1435,#1436,#1437));
#257=EDGE_LOOP('',(#1438));
#258=EDGE_LOOP('',(#1439));
#259=EDGE_LOOP('',(#1440,#1441,#1442,#1443));
#260=EDGE_LOOP('',(#1444,#1445,#1446,#1447,#1448,#1449,#1450,#1451,#1452));
#261=EDGE_LOOP('',(#1453,#1454,#1455));
#262=EDGE_LOOP('',(#1456,#1457,#1458,#1459));
#263=EDGE_LOOP('',(#1460,#1461,#1462,#1463));
#264=EDGE_LOOP('',(#1464,#1465,#1466,#1467));
#265=EDGE_LOOP('',(#1468,#1469,#1470,#1471));
#266=EDGE_LOOP('',(#1472,#1473,#1474,#1475));
#267=EDGE_LOOP('',(#1476,#1477,#1478,#1479));
#268=EDGE_LOOP('',(#1480,#1481,#1482,#1483));
#269=EDGE_LOOP('',(#1484,#1485,#1486,#1487));
#270=EDGE_LOOP('',(#1488,#1489,#1490,#1491));
#271=EDGE_LOOP('',(#1492,#1493,#1494,#1495));
#272=EDGE_LOOP('',(#1496,#1497,#1498,#1499));
#273=EDGE_LOOP('',(#1500,#1501,#1502,#1503));
#274=EDGE_LOOP('',(#1504,#1505,#1506,#1507));
#275=EDGE_LOOP('',(#1508,#1509,#1510,#1511));
#276=EDGE_LOOP('',(#1512,#1513,#1514,#1515,#1516,#1517));
#277=EDGE_LOOP('',(#1518,#1519,#1520,#1521));
#278=EDGE_LOOP('',(#1522,#1523,#1524,#1525));
#279=EDGE_LOOP('',(#1526,#1527,#1528,#1529));
#280=EDGE_LOOP('',(#1530,#1531,#1532,#1533));
#281=EDGE_LOOP('',(#1534,#1535,#1536,#1537));
#282=EDGE_LOOP('',(#1538,#1539,#1540,#1541));
#283=EDGE_LOOP('',(#1542,#1543,#1544,#1545));
#284=EDGE_LOOP('',(#1546,#1547,#1548,#1549));
#285=EDGE_LOOP('',(#1550,#1551,#1552,#1553));
#286=EDGE_LOOP('',(#1554,#1555,#1556,#1557));
#287=EDGE_LOOP('',(#1558,#1559,#1560,#1561));
#288=EDGE_LOOP('',(#1562,#1563,#1564,#1565,#1566,#1567));
#289=EDGE_LOOP('',(#1568,#1569,#1570,#1571));
#290=EDGE_LOOP('',(#1572,#1573,#1574,#1575));
#291=EDGE_LOOP('',(#1576,#1577,#1578,#1579));
#292=EDGE_LOOP('',(#1580,#1581,#1582,#1583));
#293=EDGE_LOOP('',(#1584,#1585,#1586,#1587));
#294=EDGE_LOOP('',(#1588,#1589,#1590,#1591));
#295=EDGE_LOOP('',(#1592,#1593,#1594,#1595));
#296=EDGE_LOOP('',(#1596,#1597,#1598,#1599));
#297=EDGE_LOOP('',(#1600,#1601,#1602,#1603));
#298=EDGE_LOOP('',(#1604,#1605,#1606,#1607));
#299=EDGE_LOOP('',(#1608,#1609,#1610,#1611));
#300=EDGE_LOOP('',(#1612,#1613,#1614,#1615));
#301=EDGE_LOOP('',(#1616,#1617,#1618,#1619,#1620,#1621,#1622,#1623));
#302=EDGE_LOOP('',(#1624,#1625,#1626,#1627,#1628,#1629,#1630,#1631));
#303=EDGE_LOOP('',(#1632,#1633,#1634,#1635));
#304=EDGE_LOOP('',(#1636,#1637,#1638,#1639));
#305=EDGE_LOOP('',(#1640,#1641,#1642,#1643));
#306=EDGE_LOOP('',(#1644,#1645,#1646,#1647));
#307=EDGE_LOOP('',(#1648,#1649,#1650,#1651));
#308=EDGE_LOOP('',(#1652,#1653,#1654,#1655));
#309=EDGE_LOOP('',(#1656,#1657,#1658,#1659,#1660,#1661,#1662,#1663));
#310=EDGE_LOOP('',(#1664));
#311=EDGE_LOOP('',(#1665,#1666,#1667,#1668,#1669,#1670));
#312=EDGE_LOOP('',(#1671,#1672,#1673,#1674,#1675));
#313=EDGE_LOOP('',(#1676,#1677,#1678,#1679,#1680,#1681));
#314=EDGE_LOOP('',(#1682,#1683,#1684,#1685));
#315=EDGE_LOOP('',(#1686,#1687,#1688,#1689));
#316=EDGE_LOOP('',(#1690,#1691,#1692,#1693,#1694,#1695,#1696,#1697,#1698,
#1699,#1700,#1701,#1702,#1703,#1704,#1705,#1706));
#317=LINE('',#2574,#533);
#318=LINE('',#2576,#534);
#319=LINE('',#2578,#535);
#320=LINE('',#2579,#536);
#321=LINE('',#2582,#537);
#322=LINE('',#2584,#538);
#323=LINE('',#2585,#539);
#324=LINE('',#2588,#540);
#325=LINE('',#2590,#541);
#326=LINE('',#2591,#542);
#327=LINE('',#2594,#543);
#328=LINE('',#2596,#544);
#329=LINE('',#2597,#545);
#330=LINE('',#2600,#546);
#331=LINE('',#2602,#547);
#332=LINE('',#2603,#548);
#333=LINE('',#2606,#549);
#334=LINE('',#2608,#550);
#335=LINE('',#2609,#551);
#336=LINE('',#2612,#552);
#337=LINE('',#2614,#553);
#338=LINE('',#2615,#554);
#339=LINE('',#2617,#555);
#340=LINE('',#2618,#556);
#341=LINE('',#2624,#557);
#342=LINE('',#2626,#558);
#343=LINE('',#2628,#559);
#344=LINE('',#2630,#560);
#345=LINE('',#2635,#561);
#346=LINE('',#2637,#562);
#347=LINE('',#2639,#563);
#348=LINE('',#2644,#564);
#349=LINE('',#2646,#565);
#350=LINE('',#2648,#566);
#351=LINE('',#2650,#567);
#352=LINE('',#2654,#568);
#353=LINE('',#2656,#569);
#354=LINE('',#2658,#570);
#355=LINE('',#2660,#571);
#356=LINE('',#2662,#572);
#357=LINE('',#2664,#573);
#358=LINE('',#2665,#574);
#359=LINE('',#2669,#575);
#360=LINE('',#2671,#576);
#361=LINE('',#2677,#577);
#362=LINE('',#2679,#578);
#363=LINE('',#2683,#579);
#364=LINE('',#2687,#580);
#365=LINE('',#2692,#581);
#366=LINE('',#2694,#582);
#367=LINE('',#2696,#583);
#368=LINE('',#2697,#584);
#369=LINE('',#2700,#585);
#370=LINE('',#2702,#586);
#371=LINE('',#2703,#587);
#372=LINE('',#2706,#588);
#373=LINE('',#2708,#589);
#374=LINE('',#2709,#590);
#375=LINE('',#2712,#591);
#376=LINE('',#2714,#592);
#377=LINE('',#2715,#593);
#378=LINE('',#2718,#594);
#379=LINE('',#2719,#595);
#380=LINE('',#2722,#596);
#381=LINE('',#2723,#597);
#382=LINE('',#2726,#598);
#383=LINE('',#2728,#599);
#384=LINE('',#2729,#600);
#385=LINE('',#2732,#601);
#386=LINE('',#2733,#602);
#387=LINE('',#2736,#603);
#388=LINE('',#2737,#604);
#389=LINE('',#2740,#605);
#390=LINE('',#2742,#606);
#391=LINE('',#2743,#607);
#392=LINE('',#2745,#608);
#393=LINE('',#2746,#609);
#394=LINE('',#2749,#610);
#395=LINE('',#2751,#611);
#396=LINE('',#2752,#612);
#397=LINE('',#2755,#613);
#398=LINE('',#2757,#614);
#399=LINE('',#2758,#615);
#400=LINE('',#2761,#616);
#401=LINE('',#2763,#617);
#402=LINE('',#2764,#618);
#403=LINE('',#2767,#619);
#404=LINE('',#2769,#620);
#405=LINE('',#2770,#621);
#406=LINE('',#2772,#622);
#407=LINE('',#2773,#623);
#408=LINE('',#2777,#624);
#409=LINE('',#2779,#625);
#410=LINE('',#2780,#626);
#411=LINE('',#2782,#627);
#412=LINE('',#2786,#628);
#413=LINE('',#2788,#629);
#414=LINE('',#2789,#630);
#415=LINE('',#2793,#631);
#416=LINE('',#2796,#632);
#417=LINE('',#2798,#633);
#418=LINE('',#2799,#634);
#419=LINE('',#2802,#635);
#420=LINE('',#2804,#636);
#421=LINE('',#2805,#637);
#422=LINE('',#2808,#638);
#423=LINE('',#2810,#639);
#424=LINE('',#2811,#640);
#425=LINE('',#2816,#641);
#426=LINE('',#2819,#642);
#427=LINE('',#2820,#643);
#428=LINE('',#2831,#644);
#429=LINE('',#2835,#645);
#430=LINE('',#2840,#646);
#431=LINE('',#2846,#647);
#432=LINE('',#2851,#648);
#433=LINE('',#2855,#649);
#434=LINE('',#2859,#650);
#435=LINE('',#2863,#651);
#436=LINE('',#2867,#652);
#437=LINE('',#2872,#653);
#438=LINE('',#2874,#654);
#439=LINE('',#2875,#655);
#440=LINE('',#2878,#656);
#441=LINE('',#2880,#657);
#442=LINE('',#2881,#658);
#443=LINE('',#2883,#659);
#444=LINE('',#2884,#660);
#445=LINE('',#2887,#661);
#446=LINE('',#2888,#662);
#447=LINE('',#2892,#663);
#448=LINE('',#2894,#664);
#449=LINE('',#2896,#665);
#450=LINE('',#2897,#666);
#451=LINE('',#2900,#667);
#452=LINE('',#2902,#668);
#453=LINE('',#2903,#669);
#454=LINE('',#2906,#670);
#455=LINE('',#2908,#671);
#456=LINE('',#2909,#672);
#457=LINE('',#2911,#673);
#458=LINE('',#2912,#674);
#459=LINE('',#2916,#675);
#460=LINE('',#2918,#676);
#461=LINE('',#2920,#677);
#462=LINE('',#2921,#678);
#463=LINE('',#2924,#679);
#464=LINE('',#2926,#680);
#465=LINE('',#2927,#681);
#466=LINE('',#2930,#682);
#467=LINE('',#2932,#683);
#468=LINE('',#2933,#684);
#469=LINE('',#2935,#685);
#470=LINE('',#2936,#686);
#471=LINE('',#2940,#687);
#472=LINE('',#2942,#688);
#473=LINE('',#2944,#689);
#474=LINE('',#2945,#690);
#475=LINE('',#2948,#691);
#476=LINE('',#2950,#692);
#477=LINE('',#2951,#693);
#478=LINE('',#2954,#694);
#479=LINE('',#2956,#695);
#480=LINE('',#2957,#696);
#481=LINE('',#2960,#697);
#482=LINE('',#2962,#698);
#483=LINE('',#2963,#699);
#484=LINE('',#2966,#700);
#485=LINE('',#2968,#701);
#486=LINE('',#2969,#702);
#487=LINE('',#2971,#703);
#488=LINE('',#2972,#704);
#489=LINE('',#2977,#705);
#490=LINE('',#2978,#706);
#491=LINE('',#2979,#707);
#492=LINE('',#2981,#708);
#493=LINE('',#2983,#709);
#494=LINE('',#2986,#710);
#495=LINE('',#2990,#711);
#496=LINE('',#2992,#712);
#497=LINE('',#2994,#713);
#498=LINE('',#2995,#714);
#499=LINE('',#2998,#715);
#500=LINE('',#3000,#716);
#501=LINE('',#3001,#717);
#502=LINE('',#3004,#718);
#503=LINE('',#3006,#719);
#504=LINE('',#3007,#720);
#505=LINE('',#3010,#721);
#506=LINE('',#3012,#722);
#507=LINE('',#3013,#723);
#508=LINE('',#3016,#724);
#509=LINE('',#3018,#725);
#510=LINE('',#3019,#726);
#511=LINE('',#3021,#727);
#512=LINE('',#3022,#728);
#513=LINE('',#3037,#729);
#514=LINE('',#3038,#730);
#515=LINE('',#3049,#731);
#516=LINE('',#3050,#732);
#517=LINE('',#3061,#733);
#518=LINE('',#3062,#734);
#519=LINE('',#3070,#735);
#520=LINE('',#3071,#736);
#521=LINE('',#3074,#737);
#522=LINE('',#3076,#738);
#523=LINE('',#3077,#739);
#524=LINE('',#3080,#740);
#525=LINE('',#3084,#741);
#526=LINE('',#3085,#742);
#527=LINE('',#3088,#743);
#528=LINE('',#3093,#744);
#529=LINE('',#3094,#745);
#530=LINE('',#3097,#746);
#531=LINE('',#3101,#747);
#532=LINE('',#3102,#748);
#533=VECTOR('',#2059,10.);
#534=VECTOR('',#2060,10.);
#535=VECTOR('',#2061,10.);
#536=VECTOR('',#2062,10.);
#537=VECTOR('',#2065,10.);
#538=VECTOR('',#2066,10.);
#539=VECTOR('',#2067,10.);
#540=VECTOR('',#2070,10.);
#541=VECTOR('',#2071,10.);
#542=VECTOR('',#2072,10.);
#543=VECTOR('',#2075,10.);
#544=VECTOR('',#2076,10.);
#545=VECTOR('',#2077,10.);
#546=VECTOR('',#2080,10.);
#547=VECTOR('',#2081,10.);
#548=VECTOR('',#2082,10.);
#549=VECTOR('',#2085,10.);
#550=VECTOR('',#2086,10.);
#551=VECTOR('',#2087,10.);
#552=VECTOR('',#2090,10.);
#553=VECTOR('',#2091,10.);
#554=VECTOR('',#2092,10.);
#555=VECTOR('',#2095,10.);
#556=VECTOR('',#2096,10.);
#557=VECTOR('',#2103,10.);
#558=VECTOR('',#2104,10.);
#559=VECTOR('',#2105,10.);
#560=VECTOR('',#2106,10.);
#561=VECTOR('',#2111,10.);
#562=VECTOR('',#2112,10.);
#563=VECTOR('',#2113,10.);
#564=VECTOR('',#2118,10.);
#565=VECTOR('',#2119,10.);
#566=VECTOR('',#2120,10.);
#567=VECTOR('',#2121,10.);
#568=VECTOR('',#2126,10.);
#569=VECTOR('',#2127,10.);
#570=VECTOR('',#2128,10.);
#571=VECTOR('',#2129,10.);
#572=VECTOR('',#2130,10.);
#573=VECTOR('',#2131,10.);
#574=VECTOR('',#2132,10.);
#575=VECTOR('',#2135,10.);
#576=VECTOR('',#2136,10.);
#577=VECTOR('',#2143,10.);
#578=VECTOR('',#2144,10.);
#579=VECTOR('',#2147,10.);
#580=VECTOR('',#2150,10.);
#581=VECTOR('',#2155,10.);
#582=VECTOR('',#2156,10.);
#583=VECTOR('',#2157,10.);
#584=VECTOR('',#2158,10.);
#585=VECTOR('',#2161,10.);
#586=VECTOR('',#2162,10.);
#587=VECTOR('',#2163,10.);
#588=VECTOR('',#2166,10.);
#589=VECTOR('',#2167,10.);
#590=VECTOR('',#2168,10.);
#591=VECTOR('',#2171,10.);
#592=VECTOR('',#2172,10.);
#593=VECTOR('',#2173,10.);
#594=VECTOR('',#2176,10.);
#595=VECTOR('',#2177,10.);
#596=VECTOR('',#2180,10.);
#597=VECTOR('',#2181,10.);
#598=VECTOR('',#2184,10.);
#599=VECTOR('',#2185,10.);
#600=VECTOR('',#2186,10.);
#601=VECTOR('',#2189,10.);
#602=VECTOR('',#2190,10.);
#603=VECTOR('',#2193,10.);
#604=VECTOR('',#2194,10.);
#605=VECTOR('',#2197,10.);
#606=VECTOR('',#2198,10.);
#607=VECTOR('',#2199,10.);
#608=VECTOR('',#2202,10.);
#609=VECTOR('',#2203,10.);
#610=VECTOR('',#2206,10.);
#611=VECTOR('',#2207,10.);
#612=VECTOR('',#2208,10.);
#613=VECTOR('',#2211,10.);
#614=VECTOR('',#2212,10.);
#615=VECTOR('',#2213,10.);
#616=VECTOR('',#2216,10.);
#617=VECTOR('',#2217,10.);
#618=VECTOR('',#2218,10.);
#619=VECTOR('',#2221,10.);
#620=VECTOR('',#2222,10.);
#621=VECTOR('',#2223,10.);
#622=VECTOR('',#2226,10.);
#623=VECTOR('',#2227,10.);
#624=VECTOR('',#2234,10.);
#625=VECTOR('',#2237,10.);
#626=VECTOR('',#2238,10.);
#627=VECTOR('',#2241,10.);
#628=VECTOR('',#2246,10.);
#629=VECTOR('',#2247,10.);
#630=VECTOR('',#2248,10.);
#631=VECTOR('',#2253,10.);
#632=VECTOR('',#2256,10.);
#633=VECTOR('',#2257,10.);
#634=VECTOR('',#2258,10.);
#635=VECTOR('',#2261,10.);
#636=VECTOR('',#2262,10.);
#637=VECTOR('',#2263,10.);
#638=VECTOR('',#2266,10.);
#639=VECTOR('',#2267,10.);
#640=VECTOR('',#2268,10.);
#641=VECTOR('',#2273,10.);
#642=VECTOR('',#2278,10.);
#643=VECTOR('',#2279,10.);
#644=VECTOR('',#2294,2.15);
#645=VECTOR('',#2299,2.15);
#646=VECTOR('',#2304,3.75);
#647=VECTOR('',#2313,2.3);
#648=VECTOR('',#2318,3.9);
#649=VECTOR('',#2321,10.);
#650=VECTOR('',#2324,10.);
#651=VECTOR('',#2327,10.);
#652=VECTOR('',#2330,10.);
#653=VECTOR('',#2337,10.);
#654=VECTOR('',#2338,10.);
#655=VECTOR('',#2339,10.);
#656=VECTOR('',#2342,10.);
#657=VECTOR('',#2343,10.);
#658=VECTOR('',#2344,10.);
#659=VECTOR('',#2345,10.);
#660=VECTOR('',#2346,10.);
#661=VECTOR('',#2349,10.);
#662=VECTOR('',#2350,10.);
#663=VECTOR('',#2353,10.);
#664=VECTOR('',#2354,10.);
#665=VECTOR('',#2355,10.);
#666=VECTOR('',#2356,10.);
#667=VECTOR('',#2359,10.);
#668=VECTOR('',#2360,10.);
#669=VECTOR('',#2361,10.);
#670=VECTOR('',#2364,10.);
#671=VECTOR('',#2365,10.);
#672=VECTOR('',#2366,10.);
#673=VECTOR('',#2369,10.);
#674=VECTOR('',#2370,10.);
#675=VECTOR('',#2373,10.);
#676=VECTOR('',#2374,10.);
#677=VECTOR('',#2375,10.);
#678=VECTOR('',#2376,10.);
#679=VECTOR('',#2379,10.);
#680=VECTOR('',#2380,10.);
#681=VECTOR('',#2381,10.);
#682=VECTOR('',#2384,10.);
#683=VECTOR('',#2385,10.);
#684=VECTOR('',#2386,10.);
#685=VECTOR('',#2389,10.);
#686=VECTOR('',#2390,10.);
#687=VECTOR('',#2393,10.);
#688=VECTOR('',#2394,10.);
#689=VECTOR('',#2395,10.);
#690=VECTOR('',#2396,10.);
#691=VECTOR('',#2399,10.);
#692=VECTOR('',#2400,10.);
#693=VECTOR('',#2401,10.);
#694=VECTOR('',#2404,10.);
#695=VECTOR('',#2405,10.);
#696=VECTOR('',#2406,10.);
#697=VECTOR('',#2409,10.);
#698=VECTOR('',#2410,10.);
#699=VECTOR('',#2411,10.);
#700=VECTOR('',#2414,10.);
#701=VECTOR('',#2415,10.);
#702=VECTOR('',#2416,10.);
#703=VECTOR('',#2419,10.);
#704=VECTOR('',#2420,10.);
#705=VECTOR('',#2425,10.);
#706=VECTOR('',#2426,10.);
#707=VECTOR('',#2427,10.);
#708=VECTOR('',#2430,10.);
#709=VECTOR('',#2433,10.);
#710=VECTOR('',#2438,10.);
#711=VECTOR('',#2441,10.);
#712=VECTOR('',#2442,10.);
#713=VECTOR('',#2443,10.);
#714=VECTOR('',#2444,10.);
#715=VECTOR('',#2447,10.);
#716=VECTOR('',#2448,10.);
#717=VECTOR('',#2449,10.);
#718=VECTOR('',#2452,10.);
#719=VECTOR('',#2453,10.);
#720=VECTOR('',#2454,10.);
#721=VECTOR('',#2457,10.);
#722=VECTOR('',#2458,10.);
#723=VECTOR('',#2459,10.);
#724=VECTOR('',#2462,10.);
#725=VECTOR('',#2463,10.);
#726=VECTOR('',#2464,10.);
#727=VECTOR('',#2467,10.);
#728=VECTOR('',#2468,10.);
#729=VECTOR('',#2485,10.);
#730=VECTOR('',#2486,10.);
#731=VECTOR('',#2499,10.);
#732=VECTOR('',#2500,10.);
#733=VECTOR('',#2513,10.);
#734=VECTOR('',#2514,10.);
#735=VECTOR('',#2525,10.);
#736=VECTOR('',#2526,10.);
#737=VECTOR('',#2529,10.);
#738=VECTOR('',#2530,10.);
#739=VECTOR('',#2531,10.);
#740=VECTOR('',#2534,10.);
#741=VECTOR('',#2539,10.);
#742=VECTOR('',#2540,10.);
#743=VECTOR('',#2543,10.);
#744=VECTOR('',#2550,10.);
#745=VECTOR('',#2551,10.);
#746=VECTOR('',#2554,10.);
#747=VECTOR('',#2559,10.);
#748=VECTOR('',#2560,10.);
#749=VERTEX_POINT('',#2572);
#750=VERTEX_POINT('',#2573);
#751=VERTEX_POINT('',#2575);
#752=VERTEX_POINT('',#2577);
#753=VERTEX_POINT('',#2581);
#754=VERTEX_POINT('',#2583);
#755=VERTEX_POINT('',#2587);
#756=VERTEX_POINT('',#2589);
#757=VERTEX_POINT('',#2593);
#758=VERTEX_POINT('',#2595);
#759=VERTEX_POINT('',#2599);
#760=VERTEX_POINT('',#2601);
#761=VERTEX_POINT('',#2605);
#762=VERTEX_POINT('',#2607);
#763=VERTEX_POINT('',#2611);
#764=VERTEX_POINT('',#2613);
#765=VERTEX_POINT('',#2622);
#766=VERTEX_POINT('',#2623);
#767=VERTEX_POINT('',#2625);
#768=VERTEX_POINT('',#2627);
#769=VERTEX_POINT('',#2629);
#770=VERTEX_POINT('',#2633);
#771=VERTEX_POINT('',#2634);
#772=VERTEX_POINT('',#2636);
#773=VERTEX_POINT('',#2638);
#774=VERTEX_POINT('',#2642);
#775=VERTEX_POINT('',#2643);
#776=VERTEX_POINT('',#2645);
#777=VERTEX_POINT('',#2647);
#778=VERTEX_POINT('',#2649);
#779=VERTEX_POINT('',#2653);
#780=VERTEX_POINT('',#2655);
#781=VERTEX_POINT('',#2657);
#782=VERTEX_POINT('',#2659);
#783=VERTEX_POINT('',#2661);
#784=VERTEX_POINT('',#2663);
#785=VERTEX_POINT('',#2667);
#786=VERTEX_POINT('',#2668);
#787=VERTEX_POINT('',#2670);
#788=VERTEX_POINT('',#2673);
#789=VERTEX_POINT('',#2676);
#790=VERTEX_POINT('',#2678);
#791=VERTEX_POINT('',#2680);
#792=VERTEX_POINT('',#2682);
#793=VERTEX_POINT('',#2684);
#794=VERTEX_POINT('',#2686);
#795=VERTEX_POINT('',#2690);
#796=VERTEX_POINT('',#2691);
#797=VERTEX_POINT('',#2693);
#798=VERTEX_POINT('',#2695);
#799=VERTEX_POINT('',#2699);
#800=VERTEX_POINT('',#2701);
#801=VERTEX_POINT('',#2705);
#802=VERTEX_POINT('',#2707);
#803=VERTEX_POINT('',#2711);
#804=VERTEX_POINT('',#2713);
#805=VERTEX_POINT('',#2717);
#806=VERTEX_POINT('',#2721);
#807=VERTEX_POINT('',#2725);
#808=VERTEX_POINT('',#2727);
#809=VERTEX_POINT('',#2731);
#810=VERTEX_POINT('',#2735);
#811=VERTEX_POINT('',#2739);
#812=VERTEX_POINT('',#2741);
#813=VERTEX_POINT('',#2748);
#814=VERTEX_POINT('',#2750);
#815=VERTEX_POINT('',#2754);
#816=VERTEX_POINT('',#2756);
#817=VERTEX_POINT('',#2760);
#818=VERTEX_POINT('',#2762);
#819=VERTEX_POINT('',#2766);
#820=VERTEX_POINT('',#2768);
#821=VERTEX_POINT('',#2785);
#822=VERTEX_POINT('',#2787);
#823=VERTEX_POINT('',#2791);
#824=VERTEX_POINT('',#2795);
#825=VERTEX_POINT('',#2797);
#826=VERTEX_POINT('',#2801);
#827=VERTEX_POINT('',#2803);
#828=VERTEX_POINT('',#2807);
#829=VERTEX_POINT('',#2809);
#830=VERTEX_POINT('',#2813);
#831=VERTEX_POINT('',#2815);
#832=VERTEX_POINT('',#2822);
#833=VERTEX_POINT('',#2825);
#834=VERTEX_POINT('',#2828);
#835=VERTEX_POINT('',#2833);
#836=VERTEX_POINT('',#2837);
#837=VERTEX_POINT('',#2839);
#838=VERTEX_POINT('',#2844);
#839=VERTEX_POINT('',#2848);
#840=VERTEX_POINT('',#2850);
#841=VERTEX_POINT('',#2852);
#842=VERTEX_POINT('',#2854);
#843=VERTEX_POINT('',#2856);
#844=VERTEX_POINT('',#2858);
#845=VERTEX_POINT('',#2860);
#846=VERTEX_POINT('',#2862);
#847=VERTEX_POINT('',#2864);
#848=VERTEX_POINT('',#2866);
#849=VERTEX_POINT('',#2871);
#850=VERTEX_POINT('',#2873);
#851=VERTEX_POINT('',#2877);
#852=VERTEX_POINT('',#2879);
#853=VERTEX_POINT('',#2882);
#854=VERTEX_POINT('',#2886);
#855=VERTEX_POINT('',#2890);
#856=VERTEX_POINT('',#2891);
#857=VERTEX_POINT('',#2893);
#858=VERTEX_POINT('',#2895);
#859=VERTEX_POINT('',#2899);
#860=VERTEX_POINT('',#2901);
#861=VERTEX_POINT('',#2905);
#862=VERTEX_POINT('',#2907);
#863=VERTEX_POINT('',#2914);
#864=VERTEX_POINT('',#2915);
#865=VERTEX_POINT('',#2917);
#866=VERTEX_POINT('',#2919);
#867=VERTEX_POINT('',#2923);
#868=VERTEX_POINT('',#2925);
#869=VERTEX_POINT('',#2929);
#870=VERTEX_POINT('',#2931);
#871=VERTEX_POINT('',#2938);
#872=VERTEX_POINT('',#2939);
#873=VERTEX_POINT('',#2941);
#874=VERTEX_POINT('',#2943);
#875=VERTEX_POINT('',#2947);
#876=VERTEX_POINT('',#2949);
#877=VERTEX_POINT('',#2953);
#878=VERTEX_POINT('',#2955);
#879=VERTEX_POINT('',#2959);
#880=VERTEX_POINT('',#2961);
#881=VERTEX_POINT('',#2965);
#882=VERTEX_POINT('',#2967);
#883=VERTEX_POINT('',#2975);
#884=VERTEX_POINT('',#2976);
#885=VERTEX_POINT('',#2988);
#886=VERTEX_POINT('',#2989);
#887=VERTEX_POINT('',#2991);
#888=VERTEX_POINT('',#2993);
#889=VERTEX_POINT('',#2997);
#890=VERTEX_POINT('',#2999);
#891=VERTEX_POINT('',#3003);
#892=VERTEX_POINT('',#3005);
#893=VERTEX_POINT('',#3009);
#894=VERTEX_POINT('',#3011);
#895=VERTEX_POINT('',#3015);
#896=VERTEX_POINT('',#3017);
#897=VERTEX_POINT('',#3025);
#898=VERTEX_POINT('',#3026);
#899=VERTEX_POINT('',#3028);
#900=VERTEX_POINT('',#3030);
#901=VERTEX_POINT('',#3034);
#902=VERTEX_POINT('',#3035);
#903=VERTEX_POINT('',#3040);
#904=VERTEX_POINT('',#3041);
#905=VERTEX_POINT('',#3046);
#906=VERTEX_POINT('',#3047);
#907=VERTEX_POINT('',#3052);
#908=VERTEX_POINT('',#3053);
#909=VERTEX_POINT('',#3058);
#910=VERTEX_POINT('',#3059);
#911=VERTEX_POINT('',#3064);
#912=VERTEX_POINT('',#3065);
#913=VERTEX_POINT('',#3073);
#914=VERTEX_POINT('',#3075);
#915=VERTEX_POINT('',#3079);
#916=VERTEX_POINT('',#3083);
#917=VERTEX_POINT('',#3087);
#918=VERTEX_POINT('',#3092);
#919=VERTEX_POINT('',#3096);
#920=VERTEX_POINT('',#3100);
#921=EDGE_CURVE('',#749,#750,#317,.T.);
#922=EDGE_CURVE('',#750,#751,#318,.T.);
#923=EDGE_CURVE('',#752,#751,#319,.T.);
#924=EDGE_CURVE('',#749,#752,#320,.T.);
#925=EDGE_CURVE('',#749,#753,#321,.T.);
#926=EDGE_CURVE('',#754,#752,#322,.T.);
#927=EDGE_CURVE('',#753,#754,#323,.T.);
#928=EDGE_CURVE('',#753,#755,#324,.T.);
#929=EDGE_CURVE('',#756,#754,#325,.T.);
#930=EDGE_CURVE('',#755,#756,#326,.T.);
#931=EDGE_CURVE('',#755,#757,#327,.T.);
#932=EDGE_CURVE('',#758,#756,#328,.T.);
#933=EDGE_CURVE('',#757,#758,#329,.T.);
#934=EDGE_CURVE('',#757,#759,#330,.T.);
#935=EDGE_CURVE('',#760,#758,#331,.T.);
#936=EDGE_CURVE('',#759,#760,#332,.T.);
#937=EDGE_CURVE('',#759,#761,#333,.T.);
#938=EDGE_CURVE('',#762,#760,#334,.T.);
#939=EDGE_CURVE('',#761,#762,#335,.T.);
#940=EDGE_CURVE('',#763,#761,#336,.T.);
#941=EDGE_CURVE('',#764,#762,#337,.T.);
#942=EDGE_CURVE('',#763,#764,#338,.T.);
#943=EDGE_CURVE('',#750,#763,#339,.T.);
#944=EDGE_CURVE('',#751,#764,#340,.T.);
#945=EDGE_CURVE('',#765,#766,#341,.T.);
#946=EDGE_CURVE('',#767,#765,#342,.T.);
#947=EDGE_CURVE('',#768,#767,#343,.T.);
#948=EDGE_CURVE('',#769,#768,#344,.T.);
#949=EDGE_CURVE('',#766,#769,#48,.T.);
#950=EDGE_CURVE('',#770,#771,#345,.T.);
#951=EDGE_CURVE('',#772,#770,#346,.T.);
#952=EDGE_CURVE('',#773,#772,#347,.T.);
#953=EDGE_CURVE('',#771,#773,#49,.T.);
#954=EDGE_CURVE('',#774,#775,#348,.T.);
#955=EDGE_CURVE('',#776,#774,#349,.T.);
#956=EDGE_CURVE('',#777,#776,#350,.T.);
#957=EDGE_CURVE('',#778,#777,#351,.T.);
#958=EDGE_CURVE('',#775,#778,#50,.T.);
#959=EDGE_CURVE('',#777,#779,#352,.T.);
#960=EDGE_CURVE('',#780,#779,#353,.T.);
#961=EDGE_CURVE('',#781,#780,#354,.T.);
#962=EDGE_CURVE('',#782,#781,#355,.T.);
#963=EDGE_CURVE('',#783,#782,#356,.T.);
#964=EDGE_CURVE('',#784,#783,#357,.T.);
#965=EDGE_CURVE('',#784,#778,#358,.T.);
#966=EDGE_CURVE('',#785,#786,#359,.T.);
#967=EDGE_CURVE('',#786,#787,#360,.T.);
#968=EDGE_CURVE('',#787,#785,#51,.T.);
#969=EDGE_CURVE('',#788,#788,#52,.T.);
#970=EDGE_CURVE('',#789,#785,#361,.T.);
#971=EDGE_CURVE('',#787,#790,#362,.T.);
#972=EDGE_CURVE('',#790,#791,#53,.T.);
#973=EDGE_CURVE('',#791,#792,#363,.T.);
#974=EDGE_CURVE('',#793,#792,#54,.T.);
#975=EDGE_CURVE('',#793,#794,#364,.T.);
#976=EDGE_CURVE('',#794,#789,#55,.T.);
#977=EDGE_CURVE('',#795,#796,#365,.T.);
#978=EDGE_CURVE('',#795,#797,#366,.T.);
#979=EDGE_CURVE('',#798,#797,#367,.T.);
#980=EDGE_CURVE('',#796,#798,#368,.T.);
#981=EDGE_CURVE('',#796,#799,#369,.T.);
#982=EDGE_CURVE('',#800,#798,#370,.T.);
#983=EDGE_CURVE('',#799,#800,#371,.T.);
#984=EDGE_CURVE('',#799,#801,#372,.T.);
#985=EDGE_CURVE('',#802,#800,#373,.T.);
#986=EDGE_CURVE('',#801,#802,#374,.T.);
#987=EDGE_CURVE('',#803,#765,#375,.T.);
#988=EDGE_CURVE('',#804,#803,#376,.T.);
#989=EDGE_CURVE('',#804,#767,#377,.T.);
#990=EDGE_CURVE('',#805,#804,#378,.T.);
#991=EDGE_CURVE('',#805,#768,#379,.T.);
#992=EDGE_CURVE('',#806,#805,#380,.T.);
#993=EDGE_CURVE('',#769,#806,#381,.T.);
#994=EDGE_CURVE('',#807,#771,#382,.T.);
#995=EDGE_CURVE('',#808,#807,#383,.T.);
#996=EDGE_CURVE('',#808,#770,#384,.T.);
#997=EDGE_CURVE('',#809,#808,#385,.T.);
#998=EDGE_CURVE('',#809,#772,#386,.T.);
#999=EDGE_CURVE('',#810,#809,#387,.T.);
#1000=EDGE_CURVE('',#773,#810,#388,.T.);
#1001=EDGE_CURVE('',#811,#775,#389,.T.);
#1002=EDGE_CURVE('',#812,#811,#390,.T.);
#1003=EDGE_CURVE('',#812,#774,#391,.T.);
#1004=EDGE_CURVE('',#790,#812,#392,.T.);
#1005=EDGE_CURVE('',#786,#776,#393,.T.);
#1006=EDGE_CURVE('',#792,#813,#394,.T.);
#1007=EDGE_CURVE('',#814,#791,#395,.T.);
#1008=EDGE_CURVE('',#813,#814,#396,.T.);
#1009=EDGE_CURVE('',#813,#815,#397,.T.);
#1010=EDGE_CURVE('',#816,#814,#398,.T.);
#1011=EDGE_CURVE('',#815,#816,#399,.T.);
#1012=EDGE_CURVE('',#815,#817,#400,.T.);
#1013=EDGE_CURVE('',#818,#816,#401,.T.);
#1014=EDGE_CURVE('',#817,#818,#402,.T.);
#1015=EDGE_CURVE('',#817,#819,#403,.T.);
#1016=EDGE_CURVE('',#820,#818,#404,.T.);
#1017=EDGE_CURVE('',#819,#820,#405,.T.);
#1018=EDGE_CURVE('',#819,#795,#406,.T.);
#1019=EDGE_CURVE('',#797,#820,#407,.T.);
#1020=EDGE_CURVE('',#811,#810,#56,.T.);
#1021=EDGE_CURVE('',#807,#806,#57,.T.);
#1022=EDGE_CURVE('',#803,#802,#408,.T.);
#1023=EDGE_CURVE('',#781,#793,#409,.T.);
#1024=EDGE_CURVE('',#794,#780,#410,.T.);
#1025=EDGE_CURVE('',#779,#789,#411,.T.);
#1026=EDGE_CURVE('',#783,#821,#412,.T.);
#1027=EDGE_CURVE('',#822,#782,#413,.T.);
#1028=EDGE_CURVE('',#821,#822,#414,.T.);
#1029=EDGE_CURVE('',#823,#784,#58,.T.);
#1030=EDGE_CURVE('',#823,#766,#415,.T.);
#1031=EDGE_CURVE('',#824,#823,#416,.T.);
#1032=EDGE_CURVE('',#824,#825,#417,.T.);
#1033=EDGE_CURVE('',#801,#825,#418,.T.);
#1034=EDGE_CURVE('',#826,#824,#419,.T.);
#1035=EDGE_CURVE('',#826,#827,#420,.T.);
#1036=EDGE_CURVE('',#825,#827,#421,.T.);
#1037=EDGE_CURVE('',#828,#826,#422,.T.);
#1038=EDGE_CURVE('',#828,#829,#423,.T.);
#1039=EDGE_CURVE('',#827,#829,#424,.T.);
#1040=EDGE_CURVE('',#830,#828,#59,.T.);
#1041=EDGE_CURVE('',#830,#831,#425,.T.);
#1042=EDGE_CURVE('',#829,#831,#60,.T.);
#1043=EDGE_CURVE('',#821,#830,#426,.T.);
#1044=EDGE_CURVE('',#831,#822,#427,.T.);
#1045=EDGE_CURVE('',#832,#832,#61,.T.);
#1046=EDGE_CURVE('',#833,#833,#62,.T.);
#1047=EDGE_CURVE('',#834,#834,#63,.T.);
#1048=EDGE_CURVE('',#788,#834,#428,.T.);
#1049=EDGE_CURVE('',#835,#835,#64,.T.);
#1050=EDGE_CURVE('',#835,#833,#429,.T.);
#1051=EDGE_CURVE('',#836,#836,#65,.T.);
#1052=EDGE_CURVE('',#836,#837,#430,.T.);
#1053=EDGE_CURVE('',#837,#837,#66,.T.);
#1054=EDGE_CURVE('',#838,#838,#67,.T.);
#1055=EDGE_CURVE('',#838,#832,#431,.T.);
#1056=EDGE_CURVE('',#839,#839,#68,.T.);
#1057=EDGE_CURVE('',#839,#840,#432,.T.);
#1058=EDGE_CURVE('',#841,#840,#69,.T.);
#1059=EDGE_CURVE('',#842,#841,#433,.T.);
#1060=EDGE_CURVE('',#843,#842,#70,.T.);
#1061=EDGE_CURVE('',#844,#843,#434,.T.);
#1062=EDGE_CURVE('',#845,#844,#71,.T.);
#1063=EDGE_CURVE('',#846,#845,#435,.T.);
#1064=EDGE_CURVE('',#847,#846,#72,.T.);
#1065=EDGE_CURVE('',#848,#847,#436,.T.);
#1066=EDGE_CURVE('',#840,#848,#73,.T.);
#1067=EDGE_CURVE('',#849,#847,#437,.T.);
#1068=EDGE_CURVE('',#849,#850,#438,.T.);
#1069=EDGE_CURVE('',#848,#850,#439,.T.);
#1070=EDGE_CURVE('',#850,#851,#440,.T.);
#1071=EDGE_CURVE('',#851,#852,#441,.T.);
#1072=EDGE_CURVE('',#852,#845,#442,.T.);
#1073=EDGE_CURVE('',#844,#853,#443,.T.);
#1074=EDGE_CURVE('',#853,#841,#444,.T.);
#1075=EDGE_CURVE('',#842,#854,#445,.T.);
#1076=EDGE_CURVE('',#854,#843,#446,.T.);
#1077=EDGE_CURVE('',#855,#856,#447,.T.);
#1078=EDGE_CURVE('',#857,#855,#448,.T.);
#1079=EDGE_CURVE('',#858,#857,#449,.T.);
#1080=EDGE_CURVE('',#858,#856,#450,.T.);
#1081=EDGE_CURVE('',#856,#859,#451,.T.);
#1082=EDGE_CURVE('',#860,#858,#452,.T.);
#1083=EDGE_CURVE('',#860,#859,#453,.T.);
#1084=EDGE_CURVE('',#859,#861,#454,.T.);
#1085=EDGE_CURVE('',#862,#860,#455,.T.);
#1086=EDGE_CURVE('',#862,#861,#456,.T.);
#1087=EDGE_CURVE('',#861,#855,#457,.T.);
#1088=EDGE_CURVE('',#857,#862,#458,.T.);
#1089=EDGE_CURVE('',#863,#864,#459,.T.);
#1090=EDGE_CURVE('',#865,#863,#460,.T.);
#1091=EDGE_CURVE('',#866,#865,#461,.T.);
#1092=EDGE_CURVE('',#866,#864,#462,.T.);
#1093=EDGE_CURVE('',#864,#867,#463,.T.);
#1094=EDGE_CURVE('',#868,#866,#464,.T.);
#1095=EDGE_CURVE('',#868,#867,#465,.T.);
#1096=EDGE_CURVE('',#867,#869,#466,.T.);
#1097=EDGE_CURVE('',#870,#868,#467,.T.);
#1098=EDGE_CURVE('',#870,#869,#468,.T.);
#1099=EDGE_CURVE('',#869,#863,#469,.T.);
#1100=EDGE_CURVE('',#865,#870,#470,.T.);
#1101=EDGE_CURVE('',#871,#872,#471,.T.);
#1102=EDGE_CURVE('',#871,#873,#472,.T.);
#1103=EDGE_CURVE('',#874,#873,#473,.T.);
#1104=EDGE_CURVE('',#872,#874,#474,.T.);
#1105=EDGE_CURVE('',#872,#875,#475,.T.);
#1106=EDGE_CURVE('',#876,#874,#476,.T.);
#1107=EDGE_CURVE('',#875,#876,#477,.T.);
#1108=EDGE_CURVE('',#875,#877,#478,.T.);
#1109=EDGE_CURVE('',#878,#876,#479,.T.);
#1110=EDGE_CURVE('',#877,#878,#480,.T.);
#1111=EDGE_CURVE('',#877,#879,#481,.T.);
#1112=EDGE_CURVE('',#880,#878,#482,.T.);
#1113=EDGE_CURVE('',#879,#880,#483,.T.);
#1114=EDGE_CURVE('',#879,#881,#484,.T.);
#1115=EDGE_CURVE('',#882,#880,#485,.T.);
#1116=EDGE_CURVE('',#881,#882,#486,.T.);
#1117=EDGE_CURVE('',#881,#871,#487,.T.);
#1118=EDGE_CURVE('',#873,#882,#488,.T.);
#1119=EDGE_CURVE('',#883,#884,#489,.T.);
#1120=EDGE_CURVE('',#883,#852,#490,.T.);
#1121=EDGE_CURVE('',#884,#851,#491,.T.);
#1122=EDGE_CURVE('',#884,#849,#492,.T.);
#1123=EDGE_CURVE('',#854,#853,#493,.T.);
#1124=EDGE_CURVE('',#846,#883,#494,.T.);
#1125=EDGE_CURVE('',#885,#886,#495,.T.);
#1126=EDGE_CURVE('',#885,#887,#496,.T.);
#1127=EDGE_CURVE('',#888,#887,#497,.T.);
#1128=EDGE_CURVE('',#886,#888,#498,.T.);
#1129=EDGE_CURVE('',#886,#889,#499,.T.);
#1130=EDGE_CURVE('',#890,#888,#500,.T.);
#1131=EDGE_CURVE('',#889,#890,#501,.T.);
#1132=EDGE_CURVE('',#889,#891,#502,.T.);
#1133=EDGE_CURVE('',#892,#890,#503,.T.);
#1134=EDGE_CURVE('',#891,#892,#504,.T.);
#1135=EDGE_CURVE('',#891,#893,#505,.T.);
#1136=EDGE_CURVE('',#894,#892,#506,.T.);
#1137=EDGE_CURVE('',#893,#894,#507,.T.);
#1138=EDGE_CURVE('',#893,#895,#508,.T.);
#1139=EDGE_CURVE('',#896,#894,#509,.T.);
#1140=EDGE_CURVE('',#895,#896,#510,.T.);
#1141=EDGE_CURVE('',#895,#885,#511,.T.);
#1142=EDGE_CURVE('',#887,#896,#512,.T.);
#1143=EDGE_CURVE('',#897,#898,#74,.T.);
#1144=EDGE_CURVE('',#898,#899,#75,.T.);
#1145=EDGE_CURVE('',#899,#900,#76,.T.);
#1146=EDGE_CURVE('',#900,#897,#77,.T.);
#1147=EDGE_CURVE('',#901,#902,#78,.T.);
#1148=EDGE_CURVE('',#902,#900,#513,.T.);
#1149=EDGE_CURVE('',#899,#901,#514,.T.);
#1150=EDGE_CURVE('',#903,#904,#79,.T.);
#1151=EDGE_CURVE('',#904,#902,#80,.T.);
#1152=EDGE_CURVE('',#901,#903,#81,.T.);
#1153=EDGE_CURVE('',#905,#906,#82,.T.);
#1154=EDGE_CURVE('',#906,#904,#515,.T.);
#1155=EDGE_CURVE('',#903,#905,#516,.T.);
#1156=EDGE_CURVE('',#907,#908,#83,.T.);
#1157=EDGE_CURVE('',#908,#906,#84,.T.);
#1158=EDGE_CURVE('',#905,#907,#85,.T.);
#1159=EDGE_CURVE('',#909,#910,#86,.T.);
#1160=EDGE_CURVE('',#910,#908,#517,.T.);
#1161=EDGE_CURVE('',#907,#909,#518,.T.);
#1162=EDGE_CURVE('',#911,#912,#87,.T.);
#1163=EDGE_CURVE('',#912,#910,#88,.T.);
#1164=EDGE_CURVE('',#909,#911,#89,.T.);
#1165=EDGE_CURVE('',#911,#898,#519,.T.);
#1166=EDGE_CURVE('',#897,#912,#520,.T.);
#1167=EDGE_CURVE('',#913,#910,#521,.T.);
#1168=EDGE_CURVE('',#914,#913,#522,.T.);
#1169=EDGE_CURVE('',#908,#914,#523,.T.);
#1170=EDGE_CURVE('',#912,#915,#524,.T.);
#1171=EDGE_CURVE('',#915,#913,#90,.T.);
#1172=EDGE_CURVE('',#916,#897,#525,.T.);
#1173=EDGE_CURVE('',#915,#916,#526,.T.);
#1174=EDGE_CURVE('',#900,#917,#527,.T.);
#1175=EDGE_CURVE('',#917,#916,#91,.T.);
#1176=EDGE_CURVE('',#918,#902,#528,.T.);
#1177=EDGE_CURVE('',#917,#918,#529,.T.);
#1178=EDGE_CURVE('',#904,#919,#530,.T.);
#1179=EDGE_CURVE('',#919,#918,#92,.T.);
#1180=EDGE_CURVE('',#920,#906,#531,.T.);
#1181=EDGE_CURVE('',#919,#920,#532,.T.);
#1182=EDGE_CURVE('',#914,#920,#93,.T.);
#1183=ORIENTED_EDGE('',*,*,#921,.T.);
#1184=ORIENTED_EDGE('',*,*,#922,.T.);
#1185=ORIENTED_EDGE('',*,*,#923,.F.);
#1186=ORIENTED_EDGE('',*,*,#924,.F.);
#1187=ORIENTED_EDGE('',*,*,#925,.F.);
#1188=ORIENTED_EDGE('',*,*,#924,.T.);
#1189=ORIENTED_EDGE('',*,*,#926,.F.);
#1190=ORIENTED_EDGE('',*,*,#927,.F.);
#1191=ORIENTED_EDGE('',*,*,#928,.F.);
#1192=ORIENTED_EDGE('',*,*,#927,.T.);
#1193=ORIENTED_EDGE('',*,*,#929,.F.);
#1194=ORIENTED_EDGE('',*,*,#930,.F.);
#1195=ORIENTED_EDGE('',*,*,#931,.F.);
#1196=ORIENTED_EDGE('',*,*,#930,.T.);
#1197=ORIENTED_EDGE('',*,*,#932,.F.);
#1198=ORIENTED_EDGE('',*,*,#933,.F.);
#1199=ORIENTED_EDGE('',*,*,#934,.F.);
#1200=ORIENTED_EDGE('',*,*,#933,.T.);
#1201=ORIENTED_EDGE('',*,*,#935,.F.);
#1202=ORIENTED_EDGE('',*,*,#936,.F.);
#1203=ORIENTED_EDGE('',*,*,#937,.F.);
#1204=ORIENTED_EDGE('',*,*,#936,.T.);
#1205=ORIENTED_EDGE('',*,*,#938,.F.);
#1206=ORIENTED_EDGE('',*,*,#939,.F.);
#1207=ORIENTED_EDGE('',*,*,#940,.T.);
#1208=ORIENTED_EDGE('',*,*,#939,.T.);
#1209=ORIENTED_EDGE('',*,*,#941,.F.);
#1210=ORIENTED_EDGE('',*,*,#942,.F.);
#1211=ORIENTED_EDGE('',*,*,#943,.T.);
#1212=ORIENTED_EDGE('',*,*,#942,.T.);
#1213=ORIENTED_EDGE('',*,*,#944,.F.);
#1214=ORIENTED_EDGE('',*,*,#922,.F.);
#1215=ORIENTED_EDGE('',*,*,#944,.T.);
#1216=ORIENTED_EDGE('',*,*,#941,.T.);
#1217=ORIENTED_EDGE('',*,*,#938,.T.);
#1218=ORIENTED_EDGE('',*,*,#935,.T.);
#1219=ORIENTED_EDGE('',*,*,#932,.T.);
#1220=ORIENTED_EDGE('',*,*,#929,.T.);
#1221=ORIENTED_EDGE('',*,*,#926,.T.);
#1222=ORIENTED_EDGE('',*,*,#923,.T.);
#1223=ORIENTED_EDGE('',*,*,#943,.F.);
#1224=ORIENTED_EDGE('',*,*,#921,.F.);
#1225=ORIENTED_EDGE('',*,*,#925,.T.);
#1226=ORIENTED_EDGE('',*,*,#928,.T.);
#1227=ORIENTED_EDGE('',*,*,#931,.T.);
#1228=ORIENTED_EDGE('',*,*,#934,.T.);
#1229=ORIENTED_EDGE('',*,*,#937,.T.);
#1230=ORIENTED_EDGE('',*,*,#940,.F.);
#1231=ORIENTED_EDGE('',*,*,#945,.F.);
#1232=ORIENTED_EDGE('',*,*,#946,.F.);
#1233=ORIENTED_EDGE('',*,*,#947,.F.);
#1234=ORIENTED_EDGE('',*,*,#948,.F.);
#1235=ORIENTED_EDGE('',*,*,#949,.F.);
#1236=ORIENTED_EDGE('',*,*,#950,.F.);
#1237=ORIENTED_EDGE('',*,*,#951,.F.);
#1238=ORIENTED_EDGE('',*,*,#952,.F.);
#1239=ORIENTED_EDGE('',*,*,#953,.F.);
#1240=ORIENTED_EDGE('',*,*,#954,.F.);
#1241=ORIENTED_EDGE('',*,*,#955,.F.);
#1242=ORIENTED_EDGE('',*,*,#956,.F.);
#1243=ORIENTED_EDGE('',*,*,#957,.F.);
#1244=ORIENTED_EDGE('',*,*,#958,.F.);
#1245=ORIENTED_EDGE('',*,*,#957,.T.);
#1246=ORIENTED_EDGE('',*,*,#959,.T.);
#1247=ORIENTED_EDGE('',*,*,#960,.F.);
#1248=ORIENTED_EDGE('',*,*,#961,.F.);
#1249=ORIENTED_EDGE('',*,*,#962,.F.);
#1250=ORIENTED_EDGE('',*,*,#963,.F.);
#1251=ORIENTED_EDGE('',*,*,#964,.F.);
#1252=ORIENTED_EDGE('',*,*,#965,.T.);
#1253=ORIENTED_EDGE('',*,*,#966,.T.);
#1254=ORIENTED_EDGE('',*,*,#967,.T.);
#1255=ORIENTED_EDGE('',*,*,#968,.T.);
#1256=ORIENTED_EDGE('',*,*,#969,.T.);
#1257=ORIENTED_EDGE('',*,*,#970,.T.);
#1258=ORIENTED_EDGE('',*,*,#968,.F.);
#1259=ORIENTED_EDGE('',*,*,#971,.T.);
#1260=ORIENTED_EDGE('',*,*,#972,.T.);
#1261=ORIENTED_EDGE('',*,*,#973,.T.);
#1262=ORIENTED_EDGE('',*,*,#974,.F.);
#1263=ORIENTED_EDGE('',*,*,#975,.T.);
#1264=ORIENTED_EDGE('',*,*,#976,.T.);
#1265=ORIENTED_EDGE('',*,*,#977,.F.);
#1266=ORIENTED_EDGE('',*,*,#978,.T.);
#1267=ORIENTED_EDGE('',*,*,#979,.F.);
#1268=ORIENTED_EDGE('',*,*,#980,.F.);
#1269=ORIENTED_EDGE('',*,*,#981,.F.);
#1270=ORIENTED_EDGE('',*,*,#980,.T.);
#1271=ORIENTED_EDGE('',*,*,#982,.F.);
#1272=ORIENTED_EDGE('',*,*,#983,.F.);
#1273=ORIENTED_EDGE('',*,*,#984,.F.);
#1274=ORIENTED_EDGE('',*,*,#983,.T.);
#1275=ORIENTED_EDGE('',*,*,#985,.F.);
#1276=ORIENTED_EDGE('',*,*,#986,.F.);
#1277=ORIENTED_EDGE('',*,*,#987,.F.);
#1278=ORIENTED_EDGE('',*,*,#988,.F.);
#1279=ORIENTED_EDGE('',*,*,#989,.T.);
#1280=ORIENTED_EDGE('',*,*,#946,.T.);
#1281=ORIENTED_EDGE('',*,*,#989,.F.);
#1282=ORIENTED_EDGE('',*,*,#990,.F.);
#1283=ORIENTED_EDGE('',*,*,#991,.T.);
#1284=ORIENTED_EDGE('',*,*,#947,.T.);
#1285=ORIENTED_EDGE('',*,*,#991,.F.);
#1286=ORIENTED_EDGE('',*,*,#992,.F.);
#1287=ORIENTED_EDGE('',*,*,#993,.F.);
#1288=ORIENTED_EDGE('',*,*,#948,.T.);
#1289=ORIENTED_EDGE('',*,*,#994,.F.);
#1290=ORIENTED_EDGE('',*,*,#995,.F.);
#1291=ORIENTED_EDGE('',*,*,#996,.T.);
#1292=ORIENTED_EDGE('',*,*,#950,.T.);
#1293=ORIENTED_EDGE('',*,*,#996,.F.);
#1294=ORIENTED_EDGE('',*,*,#997,.F.);
#1295=ORIENTED_EDGE('',*,*,#998,.T.);
#1296=ORIENTED_EDGE('',*,*,#951,.T.);
#1297=ORIENTED_EDGE('',*,*,#998,.F.);
#1298=ORIENTED_EDGE('',*,*,#999,.F.);
#1299=ORIENTED_EDGE('',*,*,#1000,.F.);
#1300=ORIENTED_EDGE('',*,*,#952,.T.);
#1301=ORIENTED_EDGE('',*,*,#1001,.F.);
#1302=ORIENTED_EDGE('',*,*,#1002,.F.);
#1303=ORIENTED_EDGE('',*,*,#1003,.T.);
#1304=ORIENTED_EDGE('',*,*,#954,.T.);
#1305=ORIENTED_EDGE('',*,*,#1003,.F.);
#1306=ORIENTED_EDGE('',*,*,#1004,.F.);
#1307=ORIENTED_EDGE('',*,*,#971,.F.);
#1308=ORIENTED_EDGE('',*,*,#967,.F.);
#1309=ORIENTED_EDGE('',*,*,#1005,.T.);
#1310=ORIENTED_EDGE('',*,*,#955,.T.);
#1311=ORIENTED_EDGE('',*,*,#1006,.F.);
#1312=ORIENTED_EDGE('',*,*,#973,.F.);
#1313=ORIENTED_EDGE('',*,*,#1007,.F.);
#1314=ORIENTED_EDGE('',*,*,#1008,.F.);
#1315=ORIENTED_EDGE('',*,*,#1009,.F.);
#1316=ORIENTED_EDGE('',*,*,#1008,.T.);
#1317=ORIENTED_EDGE('',*,*,#1010,.F.);
#1318=ORIENTED_EDGE('',*,*,#1011,.F.);
#1319=ORIENTED_EDGE('',*,*,#1012,.F.);
#1320=ORIENTED_EDGE('',*,*,#1011,.T.);
#1321=ORIENTED_EDGE('',*,*,#1013,.F.);
#1322=ORIENTED_EDGE('',*,*,#1014,.F.);
#1323=ORIENTED_EDGE('',*,*,#1015,.F.);
#1324=ORIENTED_EDGE('',*,*,#1014,.T.);
#1325=ORIENTED_EDGE('',*,*,#1016,.F.);
#1326=ORIENTED_EDGE('',*,*,#1017,.F.);
#1327=ORIENTED_EDGE('',*,*,#1018,.F.);
#1328=ORIENTED_EDGE('',*,*,#1017,.T.);
#1329=ORIENTED_EDGE('',*,*,#1019,.F.);
#1330=ORIENTED_EDGE('',*,*,#978,.F.);
#1331=ORIENTED_EDGE('',*,*,#1019,.T.);
#1332=ORIENTED_EDGE('',*,*,#1016,.T.);
#1333=ORIENTED_EDGE('',*,*,#1013,.T.);
#1334=ORIENTED_EDGE('',*,*,#1010,.T.);
#1335=ORIENTED_EDGE('',*,*,#1007,.T.);
#1336=ORIENTED_EDGE('',*,*,#972,.F.);
#1337=ORIENTED_EDGE('',*,*,#1004,.T.);
#1338=ORIENTED_EDGE('',*,*,#1002,.T.);
#1339=ORIENTED_EDGE('',*,*,#1020,.T.);
#1340=ORIENTED_EDGE('',*,*,#999,.T.);
#1341=ORIENTED_EDGE('',*,*,#997,.T.);
#1342=ORIENTED_EDGE('',*,*,#995,.T.);
#1343=ORIENTED_EDGE('',*,*,#1021,.T.);
#1344=ORIENTED_EDGE('',*,*,#992,.T.);
#1345=ORIENTED_EDGE('',*,*,#990,.T.);
#1346=ORIENTED_EDGE('',*,*,#988,.T.);
#1347=ORIENTED_EDGE('',*,*,#1022,.T.);
#1348=ORIENTED_EDGE('',*,*,#985,.T.);
#1349=ORIENTED_EDGE('',*,*,#982,.T.);
#1350=ORIENTED_EDGE('',*,*,#979,.T.);
#1351=ORIENTED_EDGE('',*,*,#1023,.F.);
#1352=ORIENTED_EDGE('',*,*,#961,.T.);
#1353=ORIENTED_EDGE('',*,*,#1024,.F.);
#1354=ORIENTED_EDGE('',*,*,#975,.F.);
#1355=ORIENTED_EDGE('',*,*,#1005,.F.);
#1356=ORIENTED_EDGE('',*,*,#966,.F.);
#1357=ORIENTED_EDGE('',*,*,#970,.F.);
#1358=ORIENTED_EDGE('',*,*,#1025,.F.);
#1359=ORIENTED_EDGE('',*,*,#959,.F.);
#1360=ORIENTED_EDGE('',*,*,#956,.T.);
#1361=ORIENTED_EDGE('',*,*,#1025,.T.);
#1362=ORIENTED_EDGE('',*,*,#976,.F.);
#1363=ORIENTED_EDGE('',*,*,#1024,.T.);
#1364=ORIENTED_EDGE('',*,*,#960,.T.);
#1365=ORIENTED_EDGE('',*,*,#1026,.F.);
#1366=ORIENTED_EDGE('',*,*,#963,.T.);
#1367=ORIENTED_EDGE('',*,*,#1027,.F.);
#1368=ORIENTED_EDGE('',*,*,#1028,.F.);
#1369=ORIENTED_EDGE('',*,*,#993,.T.);
#1370=ORIENTED_EDGE('',*,*,#1021,.F.);
#1371=ORIENTED_EDGE('',*,*,#994,.T.);
#1372=ORIENTED_EDGE('',*,*,#953,.T.);
#1373=ORIENTED_EDGE('',*,*,#1000,.T.);
#1374=ORIENTED_EDGE('',*,*,#1020,.F.);
#1375=ORIENTED_EDGE('',*,*,#1001,.T.);
#1376=ORIENTED_EDGE('',*,*,#958,.T.);
#1377=ORIENTED_EDGE('',*,*,#965,.F.);
#1378=ORIENTED_EDGE('',*,*,#1029,.F.);
#1379=ORIENTED_EDGE('',*,*,#1030,.T.);
#1380=ORIENTED_EDGE('',*,*,#949,.T.);
#1381=ORIENTED_EDGE('',*,*,#945,.T.);
#1382=ORIENTED_EDGE('',*,*,#1030,.F.);
#1383=ORIENTED_EDGE('',*,*,#1031,.F.);
#1384=ORIENTED_EDGE('',*,*,#1032,.T.);
#1385=ORIENTED_EDGE('',*,*,#1033,.F.);
#1386=ORIENTED_EDGE('',*,*,#986,.T.);
#1387=ORIENTED_EDGE('',*,*,#1022,.F.);
#1388=ORIENTED_EDGE('',*,*,#987,.T.);
#1389=ORIENTED_EDGE('',*,*,#1034,.F.);
#1390=ORIENTED_EDGE('',*,*,#1035,.T.);
#1391=ORIENTED_EDGE('',*,*,#1036,.F.);
#1392=ORIENTED_EDGE('',*,*,#1032,.F.);
#1393=ORIENTED_EDGE('',*,*,#1037,.F.);
#1394=ORIENTED_EDGE('',*,*,#1038,.T.);
#1395=ORIENTED_EDGE('',*,*,#1039,.F.);
#1396=ORIENTED_EDGE('',*,*,#1035,.F.);
#1397=ORIENTED_EDGE('',*,*,#1040,.F.);
#1398=ORIENTED_EDGE('',*,*,#1041,.T.);
#1399=ORIENTED_EDGE('',*,*,#1042,.F.);
#1400=ORIENTED_EDGE('',*,*,#1038,.F.);
#1401=ORIENTED_EDGE('',*,*,#1043,.F.);
#1402=ORIENTED_EDGE('',*,*,#1028,.T.);
#1403=ORIENTED_EDGE('',*,*,#1044,.F.);
#1404=ORIENTED_EDGE('',*,*,#1041,.F.);
#1405=ORIENTED_EDGE('',*,*,#1045,.F.);
#1406=ORIENTED_EDGE('',*,*,#1046,.F.);
#1407=ORIENTED_EDGE('',*,*,#1047,.F.);
#1408=ORIENTED_EDGE('',*,*,#969,.F.);
#1409=ORIENTED_EDGE('',*,*,#1048,.T.);
#1410=ORIENTED_EDGE('',*,*,#1047,.T.);
#1411=ORIENTED_EDGE('',*,*,#1048,.F.);
#1412=ORIENTED_EDGE('',*,*,#1049,.F.);
#1413=ORIENTED_EDGE('',*,*,#1050,.T.);
#1414=ORIENTED_EDGE('',*,*,#1046,.T.);
#1415=ORIENTED_EDGE('',*,*,#1050,.F.);
#1416=ORIENTED_EDGE('',*,*,#1051,.F.);
#1417=ORIENTED_EDGE('',*,*,#1052,.T.);
#1418=ORIENTED_EDGE('',*,*,#1053,.F.);
#1419=ORIENTED_EDGE('',*,*,#1052,.F.);
#1420=ORIENTED_EDGE('',*,*,#1051,.T.);
#1421=ORIENTED_EDGE('',*,*,#1049,.T.);
#1422=ORIENTED_EDGE('',*,*,#1054,.F.);
#1423=ORIENTED_EDGE('',*,*,#1055,.T.);
#1424=ORIENTED_EDGE('',*,*,#1045,.T.);
#1425=ORIENTED_EDGE('',*,*,#1055,.F.);
#1426=ORIENTED_EDGE('',*,*,#1056,.F.);
#1427=ORIENTED_EDGE('',*,*,#1057,.T.);
#1428=ORIENTED_EDGE('',*,*,#1058,.F.);
#1429=ORIENTED_EDGE('',*,*,#1059,.F.);
#1430=ORIENTED_EDGE('',*,*,#1060,.F.);
#1431=ORIENTED_EDGE('',*,*,#1061,.F.);
#1432=ORIENTED_EDGE('',*,*,#1062,.F.);
#1433=ORIENTED_EDGE('',*,*,#1063,.F.);
#1434=ORIENTED_EDGE('',*,*,#1064,.F.);
#1435=ORIENTED_EDGE('',*,*,#1065,.F.);
#1436=ORIENTED_EDGE('',*,*,#1066,.F.);
#1437=ORIENTED_EDGE('',*,*,#1057,.F.);
#1438=ORIENTED_EDGE('',*,*,#1056,.T.);
#1439=ORIENTED_EDGE('',*,*,#1054,.T.);
#1440=ORIENTED_EDGE('',*,*,#1065,.T.);
#1441=ORIENTED_EDGE('',*,*,#1067,.F.);
#1442=ORIENTED_EDGE('',*,*,#1068,.T.);
#1443=ORIENTED_EDGE('',*,*,#1069,.F.);
#1444=ORIENTED_EDGE('',*,*,#1058,.T.);
#1445=ORIENTED_EDGE('',*,*,#1066,.T.);
#1446=ORIENTED_EDGE('',*,*,#1069,.T.);
#1447=ORIENTED_EDGE('',*,*,#1070,.T.);
#1448=ORIENTED_EDGE('',*,*,#1071,.T.);
#1449=ORIENTED_EDGE('',*,*,#1072,.T.);
#1450=ORIENTED_EDGE('',*,*,#1062,.T.);
#1451=ORIENTED_EDGE('',*,*,#1073,.T.);
#1452=ORIENTED_EDGE('',*,*,#1074,.T.);
#1453=ORIENTED_EDGE('',*,*,#1060,.T.);
#1454=ORIENTED_EDGE('',*,*,#1075,.T.);
#1455=ORIENTED_EDGE('',*,*,#1076,.T.);
#1456=ORIENTED_EDGE('',*,*,#1077,.F.);
#1457=ORIENTED_EDGE('',*,*,#1078,.F.);
#1458=ORIENTED_EDGE('',*,*,#1079,.F.);
#1459=ORIENTED_EDGE('',*,*,#1080,.T.);
#1460=ORIENTED_EDGE('',*,*,#1081,.F.);
#1461=ORIENTED_EDGE('',*,*,#1080,.F.);
#1462=ORIENTED_EDGE('',*,*,#1082,.F.);
#1463=ORIENTED_EDGE('',*,*,#1083,.T.);
#1464=ORIENTED_EDGE('',*,*,#1084,.F.);
#1465=ORIENTED_EDGE('',*,*,#1083,.F.);
#1466=ORIENTED_EDGE('',*,*,#1085,.F.);
#1467=ORIENTED_EDGE('',*,*,#1086,.T.);
#1468=ORIENTED_EDGE('',*,*,#1087,.F.);
#1469=ORIENTED_EDGE('',*,*,#1086,.F.);
#1470=ORIENTED_EDGE('',*,*,#1088,.F.);
#1471=ORIENTED_EDGE('',*,*,#1078,.T.);
#1472=ORIENTED_EDGE('',*,*,#1089,.F.);
#1473=ORIENTED_EDGE('',*,*,#1090,.F.);
#1474=ORIENTED_EDGE('',*,*,#1091,.F.);
#1475=ORIENTED_EDGE('',*,*,#1092,.T.);
#1476=ORIENTED_EDGE('',*,*,#1093,.F.);
#1477=ORIENTED_EDGE('',*,*,#1092,.F.);
#1478=ORIENTED_EDGE('',*,*,#1094,.F.);
#1479=ORIENTED_EDGE('',*,*,#1095,.T.);
#1480=ORIENTED_EDGE('',*,*,#1096,.F.);
#1481=ORIENTED_EDGE('',*,*,#1095,.F.);
#1482=ORIENTED_EDGE('',*,*,#1097,.F.);
#1483=ORIENTED_EDGE('',*,*,#1098,.T.);
#1484=ORIENTED_EDGE('',*,*,#1099,.F.);
#1485=ORIENTED_EDGE('',*,*,#1098,.F.);
#1486=ORIENTED_EDGE('',*,*,#1100,.F.);
#1487=ORIENTED_EDGE('',*,*,#1090,.T.);
#1488=ORIENTED_EDGE('',*,*,#1101,.F.);
#1489=ORIENTED_EDGE('',*,*,#1102,.T.);
#1490=ORIENTED_EDGE('',*,*,#1103,.F.);
#1491=ORIENTED_EDGE('',*,*,#1104,.F.);
#1492=ORIENTED_EDGE('',*,*,#1105,.F.);
#1493=ORIENTED_EDGE('',*,*,#1104,.T.);
#1494=ORIENTED_EDGE('',*,*,#1106,.F.);
#1495=ORIENTED_EDGE('',*,*,#1107,.F.);
#1496=ORIENTED_EDGE('',*,*,#1108,.F.);
#1497=ORIENTED_EDGE('',*,*,#1107,.T.);
#1498=ORIENTED_EDGE('',*,*,#1109,.F.);
#1499=ORIENTED_EDGE('',*,*,#1110,.F.);
#1500=ORIENTED_EDGE('',*,*,#1111,.F.);
#1501=ORIENTED_EDGE('',*,*,#1110,.T.);
#1502=ORIENTED_EDGE('',*,*,#1112,.F.);
#1503=ORIENTED_EDGE('',*,*,#1113,.F.);
#1504=ORIENTED_EDGE('',*,*,#1114,.F.);
#1505=ORIENTED_EDGE('',*,*,#1113,.T.);
#1506=ORIENTED_EDGE('',*,*,#1115,.F.);
#1507=ORIENTED_EDGE('',*,*,#1116,.F.);
#1508=ORIENTED_EDGE('',*,*,#1117,.F.);
#1509=ORIENTED_EDGE('',*,*,#1116,.T.);
#1510=ORIENTED_EDGE('',*,*,#1118,.F.);
#1511=ORIENTED_EDGE('',*,*,#1102,.F.);
#1512=ORIENTED_EDGE('',*,*,#1118,.T.);
#1513=ORIENTED_EDGE('',*,*,#1115,.T.);
#1514=ORIENTED_EDGE('',*,*,#1112,.T.);
#1515=ORIENTED_EDGE('',*,*,#1109,.T.);
#1516=ORIENTED_EDGE('',*,*,#1106,.T.);
#1517=ORIENTED_EDGE('',*,*,#1103,.T.);
#1518=ORIENTED_EDGE('',*,*,#1119,.F.);
#1519=ORIENTED_EDGE('',*,*,#1120,.T.);
#1520=ORIENTED_EDGE('',*,*,#1071,.F.);
#1521=ORIENTED_EDGE('',*,*,#1121,.F.);
#1522=ORIENTED_EDGE('',*,*,#1122,.F.);
#1523=ORIENTED_EDGE('',*,*,#1121,.T.);
#1524=ORIENTED_EDGE('',*,*,#1070,.F.);
#1525=ORIENTED_EDGE('',*,*,#1068,.F.);
#1526=ORIENTED_EDGE('',*,*,#1059,.T.);
#1527=ORIENTED_EDGE('',*,*,#1074,.F.);
#1528=ORIENTED_EDGE('',*,*,#1123,.F.);
#1529=ORIENTED_EDGE('',*,*,#1075,.F.);
#1530=ORIENTED_EDGE('',*,*,#1061,.T.);
#1531=ORIENTED_EDGE('',*,*,#1076,.F.);
#1532=ORIENTED_EDGE('',*,*,#1123,.T.);
#1533=ORIENTED_EDGE('',*,*,#1073,.F.);
#1534=ORIENTED_EDGE('',*,*,#1063,.T.);
#1535=ORIENTED_EDGE('',*,*,#1072,.F.);
#1536=ORIENTED_EDGE('',*,*,#1120,.F.);
#1537=ORIENTED_EDGE('',*,*,#1124,.F.);
#1538=ORIENTED_EDGE('',*,*,#1125,.F.);
#1539=ORIENTED_EDGE('',*,*,#1126,.T.);
#1540=ORIENTED_EDGE('',*,*,#1127,.F.);
#1541=ORIENTED_EDGE('',*,*,#1128,.F.);
#1542=ORIENTED_EDGE('',*,*,#1129,.F.);
#1543=ORIENTED_EDGE('',*,*,#1128,.T.);
#1544=ORIENTED_EDGE('',*,*,#1130,.F.);
#1545=ORIENTED_EDGE('',*,*,#1131,.F.);
#1546=ORIENTED_EDGE('',*,*,#1132,.F.);
#1547=ORIENTED_EDGE('',*,*,#1131,.T.);
#1548=ORIENTED_EDGE('',*,*,#1133,.F.);
#1549=ORIENTED_EDGE('',*,*,#1134,.F.);
#1550=ORIENTED_EDGE('',*,*,#1135,.F.);
#1551=ORIENTED_EDGE('',*,*,#1134,.T.);
#1552=ORIENTED_EDGE('',*,*,#1136,.F.);
#1553=ORIENTED_EDGE('',*,*,#1137,.F.);
#1554=ORIENTED_EDGE('',*,*,#1138,.F.);
#1555=ORIENTED_EDGE('',*,*,#1137,.T.);
#1556=ORIENTED_EDGE('',*,*,#1139,.F.);
#1557=ORIENTED_EDGE('',*,*,#1140,.F.);
#1558=ORIENTED_EDGE('',*,*,#1141,.F.);
#1559=ORIENTED_EDGE('',*,*,#1140,.T.);
#1560=ORIENTED_EDGE('',*,*,#1142,.F.);
#1561=ORIENTED_EDGE('',*,*,#1126,.F.);
#1562=ORIENTED_EDGE('',*,*,#1142,.T.);
#1563=ORIENTED_EDGE('',*,*,#1139,.T.);
#1564=ORIENTED_EDGE('',*,*,#1136,.T.);
#1565=ORIENTED_EDGE('',*,*,#1133,.T.);
#1566=ORIENTED_EDGE('',*,*,#1130,.T.);
#1567=ORIENTED_EDGE('',*,*,#1127,.T.);
#1568=ORIENTED_EDGE('',*,*,#1143,.T.);
#1569=ORIENTED_EDGE('',*,*,#1144,.T.);
#1570=ORIENTED_EDGE('',*,*,#1145,.T.);
#1571=ORIENTED_EDGE('',*,*,#1146,.T.);
#1572=ORIENTED_EDGE('',*,*,#1147,.T.);
#1573=ORIENTED_EDGE('',*,*,#1148,.T.);
#1574=ORIENTED_EDGE('',*,*,#1145,.F.);
#1575=ORIENTED_EDGE('',*,*,#1149,.T.);
#1576=ORIENTED_EDGE('',*,*,#1150,.T.);
#1577=ORIENTED_EDGE('',*,*,#1151,.T.);
#1578=ORIENTED_EDGE('',*,*,#1147,.F.);
#1579=ORIENTED_EDGE('',*,*,#1152,.T.);
#1580=ORIENTED_EDGE('',*,*,#1153,.T.);
#1581=ORIENTED_EDGE('',*,*,#1154,.T.);
#1582=ORIENTED_EDGE('',*,*,#1150,.F.);
#1583=ORIENTED_EDGE('',*,*,#1155,.T.);
#1584=ORIENTED_EDGE('',*,*,#1156,.T.);
#1585=ORIENTED_EDGE('',*,*,#1157,.T.);
#1586=ORIENTED_EDGE('',*,*,#1153,.F.);
#1587=ORIENTED_EDGE('',*,*,#1158,.T.);
#1588=ORIENTED_EDGE('',*,*,#1159,.T.);
#1589=ORIENTED_EDGE('',*,*,#1160,.T.);
#1590=ORIENTED_EDGE('',*,*,#1156,.F.);
#1591=ORIENTED_EDGE('',*,*,#1161,.T.);
#1592=ORIENTED_EDGE('',*,*,#1162,.T.);
#1593=ORIENTED_EDGE('',*,*,#1163,.T.);
#1594=ORIENTED_EDGE('',*,*,#1159,.F.);
#1595=ORIENTED_EDGE('',*,*,#1164,.T.);
#1596=ORIENTED_EDGE('',*,*,#1162,.F.);
#1597=ORIENTED_EDGE('',*,*,#1165,.T.);
#1598=ORIENTED_EDGE('',*,*,#1143,.F.);
#1599=ORIENTED_EDGE('',*,*,#1166,.T.);
#1600=ORIENTED_EDGE('',*,*,#1160,.F.);
#1601=ORIENTED_EDGE('',*,*,#1167,.F.);
#1602=ORIENTED_EDGE('',*,*,#1168,.F.);
#1603=ORIENTED_EDGE('',*,*,#1169,.F.);
#1604=ORIENTED_EDGE('',*,*,#1163,.F.);
#1605=ORIENTED_EDGE('',*,*,#1170,.T.);
#1606=ORIENTED_EDGE('',*,*,#1171,.T.);
#1607=ORIENTED_EDGE('',*,*,#1167,.T.);
#1608=ORIENTED_EDGE('',*,*,#1166,.F.);
#1609=ORIENTED_EDGE('',*,*,#1172,.F.);
#1610=ORIENTED_EDGE('',*,*,#1173,.F.);
#1611=ORIENTED_EDGE('',*,*,#1170,.F.);
#1612=ORIENTED_EDGE('',*,*,#1146,.F.);
#1613=ORIENTED_EDGE('',*,*,#1174,.T.);
#1614=ORIENTED_EDGE('',*,*,#1175,.T.);
#1615=ORIENTED_EDGE('',*,*,#1172,.T.);
#1616=ORIENTED_EDGE('',*,*,#1144,.F.);
#1617=ORIENTED_EDGE('',*,*,#1165,.F.);
#1618=ORIENTED_EDGE('',*,*,#1164,.F.);
#1619=ORIENTED_EDGE('',*,*,#1161,.F.);
#1620=ORIENTED_EDGE('',*,*,#1158,.F.);
#1621=ORIENTED_EDGE('',*,*,#1155,.F.);
#1622=ORIENTED_EDGE('',*,*,#1152,.F.);
#1623=ORIENTED_EDGE('',*,*,#1149,.F.);
#1624=ORIENTED_EDGE('',*,*,#1026,.T.);
#1625=ORIENTED_EDGE('',*,*,#1043,.T.);
#1626=ORIENTED_EDGE('',*,*,#1040,.T.);
#1627=ORIENTED_EDGE('',*,*,#1037,.T.);
#1628=ORIENTED_EDGE('',*,*,#1034,.T.);
#1629=ORIENTED_EDGE('',*,*,#1031,.T.);
#1630=ORIENTED_EDGE('',*,*,#1029,.T.);
#1631=ORIENTED_EDGE('',*,*,#964,.T.);
#1632=ORIENTED_EDGE('',*,*,#1084,.T.);
#1633=ORIENTED_EDGE('',*,*,#1087,.T.);
#1634=ORIENTED_EDGE('',*,*,#1077,.T.);
#1635=ORIENTED_EDGE('',*,*,#1081,.T.);
#1636=ORIENTED_EDGE('',*,*,#1096,.T.);
#1637=ORIENTED_EDGE('',*,*,#1099,.T.);
#1638=ORIENTED_EDGE('',*,*,#1089,.T.);
#1639=ORIENTED_EDGE('',*,*,#1093,.T.);
#1640=ORIENTED_EDGE('',*,*,#1148,.F.);
#1641=ORIENTED_EDGE('',*,*,#1176,.F.);
#1642=ORIENTED_EDGE('',*,*,#1177,.F.);
#1643=ORIENTED_EDGE('',*,*,#1174,.F.);
#1644=ORIENTED_EDGE('',*,*,#1151,.F.);
#1645=ORIENTED_EDGE('',*,*,#1178,.T.);
#1646=ORIENTED_EDGE('',*,*,#1179,.T.);
#1647=ORIENTED_EDGE('',*,*,#1176,.T.);
#1648=ORIENTED_EDGE('',*,*,#1154,.F.);
#1649=ORIENTED_EDGE('',*,*,#1180,.F.);
#1650=ORIENTED_EDGE('',*,*,#1181,.F.);
#1651=ORIENTED_EDGE('',*,*,#1178,.F.);
#1652=ORIENTED_EDGE('',*,*,#1157,.F.);
#1653=ORIENTED_EDGE('',*,*,#1169,.T.);
#1654=ORIENTED_EDGE('',*,*,#1182,.T.);
#1655=ORIENTED_EDGE('',*,*,#1180,.T.);
#1656=ORIENTED_EDGE('',*,*,#1175,.F.);
#1657=ORIENTED_EDGE('',*,*,#1177,.T.);
#1658=ORIENTED_EDGE('',*,*,#1179,.F.);
#1659=ORIENTED_EDGE('',*,*,#1181,.T.);
#1660=ORIENTED_EDGE('',*,*,#1182,.F.);
#1661=ORIENTED_EDGE('',*,*,#1168,.T.);
#1662=ORIENTED_EDGE('',*,*,#1171,.F.);
#1663=ORIENTED_EDGE('',*,*,#1173,.T.);
#1664=ORIENTED_EDGE('',*,*,#1053,.T.);
#1665=ORIENTED_EDGE('',*,*,#1125,.T.);
#1666=ORIENTED_EDGE('',*,*,#1129,.T.);
#1667=ORIENTED_EDGE('',*,*,#1132,.T.);
#1668=ORIENTED_EDGE('',*,*,#1135,.T.);
#1669=ORIENTED_EDGE('',*,*,#1138,.T.);
#1670=ORIENTED_EDGE('',*,*,#1141,.T.);
#1671=ORIENTED_EDGE('',*,*,#1064,.T.);
#1672=ORIENTED_EDGE('',*,*,#1124,.T.);
#1673=ORIENTED_EDGE('',*,*,#1119,.T.);
#1674=ORIENTED_EDGE('',*,*,#1122,.T.);
#1675=ORIENTED_EDGE('',*,*,#1067,.T.);
#1676=ORIENTED_EDGE('',*,*,#1101,.T.);
#1677=ORIENTED_EDGE('',*,*,#1105,.T.);
#1678=ORIENTED_EDGE('',*,*,#1108,.T.);
#1679=ORIENTED_EDGE('',*,*,#1111,.T.);
#1680=ORIENTED_EDGE('',*,*,#1114,.T.);
#1681=ORIENTED_EDGE('',*,*,#1117,.T.);
#1682=ORIENTED_EDGE('',*,*,#1097,.T.);
#1683=ORIENTED_EDGE('',*,*,#1094,.T.);
#1684=ORIENTED_EDGE('',*,*,#1091,.T.);
#1685=ORIENTED_EDGE('',*,*,#1100,.T.);
#1686=ORIENTED_EDGE('',*,*,#1085,.T.);
#1687=ORIENTED_EDGE('',*,*,#1082,.T.);
#1688=ORIENTED_EDGE('',*,*,#1079,.T.);
#1689=ORIENTED_EDGE('',*,*,#1088,.T.);
#1690=ORIENTED_EDGE('',*,*,#984,.T.);
#1691=ORIENTED_EDGE('',*,*,#1033,.T.);
#1692=ORIENTED_EDGE('',*,*,#1036,.T.);
#1693=ORIENTED_EDGE('',*,*,#1039,.T.);
#1694=ORIENTED_EDGE('',*,*,#1042,.T.);
#1695=ORIENTED_EDGE('',*,*,#1044,.T.);
#1696=ORIENTED_EDGE('',*,*,#1027,.T.);
#1697=ORIENTED_EDGE('',*,*,#962,.T.);
#1698=ORIENTED_EDGE('',*,*,#1023,.T.);
#1699=ORIENTED_EDGE('',*,*,#974,.T.);
#1700=ORIENTED_EDGE('',*,*,#1006,.T.);
#1701=ORIENTED_EDGE('',*,*,#1009,.T.);
#1702=ORIENTED_EDGE('',*,*,#1012,.T.);
#1703=ORIENTED_EDGE('',*,*,#1015,.T.);
#1704=ORIENTED_EDGE('',*,*,#1018,.T.);
#1705=ORIENTED_EDGE('',*,*,#977,.T.);
#1706=ORIENTED_EDGE('',*,*,#981,.T.);
#1707=PLANE('',#1905);
#1708=PLANE('',#1906);
#1709=PLANE('',#1907);
#1710=PLANE('',#1908);
#1711=PLANE('',#1909);
#1712=PLANE('',#1910);
#1713=PLANE('',#1911);
#1714=PLANE('',#1912);
#1715=PLANE('',#1913);
#1716=PLANE('',#1914);
#1717=PLANE('',#1915);
#1718=PLANE('',#1917);
#1719=PLANE('',#1919);
#1720=PLANE('',#1921);
#1721=PLANE('',#1922);
#1722=PLANE('',#1929);
#1723=PLANE('',#1930);
#1724=PLANE('',#1931);
#1725=PLANE('',#1932);
#1726=PLANE('',#1933);
#1727=PLANE('',#1934);
#1728=PLANE('',#1935);
#1729=PLANE('',#1936);
#1730=PLANE('',#1937);
#1731=PLANE('',#1938);
#1732=PLANE('',#1939);
#1733=PLANE('',#1940);
#1734=PLANE('',#1941);
#1735=PLANE('',#1942);
#1736=PLANE('',#1943);
#1737=PLANE('',#1944);
#1738=PLANE('',#1945);
#1739=PLANE('',#1948);
#1740=PLANE('',#1949);
#1741=PLANE('',#1950);
#1742=PLANE('',#1951);
#1743=PLANE('',#1954);
#1744=PLANE('',#1955);
#1745=PLANE('',#1956);
#1746=PLANE('',#1960);
#1747=PLANE('',#1961);
#1748=PLANE('',#1963);
#1749=PLANE('',#1965);
#1750=PLANE('',#1973);
#1751=PLANE('',#1983);
#1752=PLANE('',#1984);
#1753=PLANE('',#1985);
#1754=PLANE('',#1986);
#1755=PLANE('',#1987);
#1756=PLANE('',#1988);
#1757=PLANE('',#1989);
#1758=PLANE('',#1990);
#1759=PLANE('',#1991);
#1760=PLANE('',#1992);
#1761=PLANE('',#1993);
#1762=PLANE('',#1994);
#1763=PLANE('',#1995);
#1764=PLANE('',#1996);
#1765=PLANE('',#1997);
#1766=PLANE('',#1998);
#1767=PLANE('',#1999);
#1768=PLANE('',#2000);
#1769=PLANE('',#2001);
#1770=PLANE('',#2002);
#1771=PLANE('',#2003);
#1772=PLANE('',#2004);
#1773=PLANE('',#2005);
#1774=PLANE('',#2006);
#1775=PLANE('',#2007);
#1776=PLANE('',#2008);
#1777=PLANE('',#2009);
#1778=PLANE('',#2010);
#1779=PLANE('',#2011);
#1780=PLANE('',#2012);
#1781=PLANE('',#2013);
#1782=PLANE('',#2038);
#1783=PLANE('',#2041);
#1784=PLANE('',#2044);
#1785=PLANE('',#2045);
#1786=PLANE('',#2048);
#1787=PLANE('',#2051);
#1788=ADVANCED_FACE('',(#102),#1707,.T.);
#1789=ADVANCED_FACE('',(#103),#1708,.T.);
#1790=ADVANCED_FACE('',(#104),#1709,.T.);
#1791=ADVANCED_FACE('',(#105),#1710,.T.);
#1792=ADVANCED_FACE('',(#106),#1711,.T.);
#1793=ADVANCED_FACE('',(#107),#1712,.T.);
#1794=ADVANCED_FACE('',(#108),#1713,.T.);
#1795=ADVANCED_FACE('',(#109),#1714,.T.);
#1796=ADVANCED_FACE('',(#110),#1715,.T.);
#1797=ADVANCED_FACE('',(#111),#1716,.F.);
#1798=ADVANCED_FACE('',(#112),#1717,.T.);
#1799=ADVANCED_FACE('',(#113),#1718,.T.);
#1800=ADVANCED_FACE('',(#114),#1719,.T.);
#1801=ADVANCED_FACE('',(#115),#1720,.F.);
#1802=ADVANCED_FACE('',(#116,#35),#1721,.T.);
#1803=ADVANCED_FACE('',(#117),#19,.T.);
#1804=ADVANCED_FACE('',(#118),#1722,.T.);
#1805=ADVANCED_FACE('',(#119),#1723,.T.);
#1806=ADVANCED_FACE('',(#120),#1724,.T.);
#1807=ADVANCED_FACE('',(#121),#1725,.T.);
#1808=ADVANCED_FACE('',(#122),#1726,.T.);
#1809=ADVANCED_FACE('',(#123),#1727,.T.);
#1810=ADVANCED_FACE('',(#124),#1728,.T.);
#1811=ADVANCED_FACE('',(#125),#1729,.T.);
#1812=ADVANCED_FACE('',(#126),#1730,.T.);
#1813=ADVANCED_FACE('',(#127),#1731,.T.);
#1814=ADVANCED_FACE('',(#128),#1732,.T.);
#1815=ADVANCED_FACE('',(#129),#1733,.T.);
#1816=ADVANCED_FACE('',(#130),#1734,.T.);
#1817=ADVANCED_FACE('',(#131),#1735,.T.);
#1818=ADVANCED_FACE('',(#132),#1736,.T.);
#1819=ADVANCED_FACE('',(#133),#1737,.T.);
#1820=ADVANCED_FACE('',(#134),#1738,.T.);
#1821=ADVANCED_FACE('',(#135),#1739,.T.);
#1822=ADVANCED_FACE('',(#136),#1740,.T.);
#1823=ADVANCED_FACE('',(#137),#1741,.T.);
#1824=ADVANCED_FACE('',(#138),#1742,.F.);
#1825=ADVANCED_FACE('',(#139),#20,.F.);
#1826=ADVANCED_FACE('',(#140),#1743,.F.);
#1827=ADVANCED_FACE('',(#141),#1744,.F.);
#1828=ADVANCED_FACE('',(#142),#1745,.F.);
#1829=ADVANCED_FACE('',(#143),#21,.T.);
#1830=ADVANCED_FACE('',(#144),#1746,.F.);
#1831=ADVANCED_FACE('',(#145),#1747,.T.);
#1832=ADVANCED_FACE('',(#146),#1748,.T.);
#1833=ADVANCED_FACE('',(#147),#1749,.T.);
#1834=ADVANCED_FACE('',(#148),#22,.F.);
#1835=ADVANCED_FACE('',(#149),#23,.F.);
#1836=ADVANCED_FACE('',(#150),#24,.T.);
#1837=ADVANCED_FACE('',(#151,#36),#1750,.T.);
#1838=ADVANCED_FACE('',(#152),#25,.F.);
#1839=ADVANCED_FACE('',(#153),#26,.T.);
#1840=ADVANCED_FACE('',(#154,#37),#1751,.T.);
#1841=ADVANCED_FACE('',(#155),#1752,.T.);
#1842=ADVANCED_FACE('',(#156),#1753,.T.);
#1843=ADVANCED_FACE('',(#157),#1754,.T.);
#1844=ADVANCED_FACE('',(#158),#1755,.F.);
#1845=ADVANCED_FACE('',(#159),#1756,.F.);
#1846=ADVANCED_FACE('',(#160),#1757,.F.);
#1847=ADVANCED_FACE('',(#161),#1758,.F.);
#1848=ADVANCED_FACE('',(#162),#1759,.F.);
#1849=ADVANCED_FACE('',(#163),#1760,.F.);
#1850=ADVANCED_FACE('',(#164),#1761,.F.);
#1851=ADVANCED_FACE('',(#165),#1762,.F.);
#1852=ADVANCED_FACE('',(#166),#1763,.T.);
#1853=ADVANCED_FACE('',(#167),#1764,.T.);
#1854=ADVANCED_FACE('',(#168),#1765,.T.);
#1855=ADVANCED_FACE('',(#169),#1766,.T.);
#1856=ADVANCED_FACE('',(#170),#1767,.T.);
#1857=ADVANCED_FACE('',(#171),#1768,.T.);
#1858=ADVANCED_FACE('',(#172),#1769,.T.);
#1859=ADVANCED_FACE('',(#173),#1770,.T.);
#1860=ADVANCED_FACE('',(#174),#1771,.T.);
#1861=ADVANCED_FACE('',(#175),#1772,.T.);
#1862=ADVANCED_FACE('',(#176),#1773,.T.);
#1863=ADVANCED_FACE('',(#177),#1774,.T.);
#1864=ADVANCED_FACE('',(#178),#1775,.T.);
#1865=ADVANCED_FACE('',(#179),#1776,.T.);
#1866=ADVANCED_FACE('',(#180),#1777,.T.);
#1867=ADVANCED_FACE('',(#181),#1778,.T.);
#1868=ADVANCED_FACE('',(#182),#1779,.T.);
#1869=ADVANCED_FACE('',(#183),#1780,.T.);
#1870=ADVANCED_FACE('',(#184),#1781,.T.);
#1871=ADVANCED_FACE('',(#185),#15,.T.);
#1872=ADVANCED_FACE('',(#186),#27,.T.);
#1873=ADVANCED_FACE('',(#187),#16,.T.);
#1874=ADVANCED_FACE('',(#188),#28,.T.);
#1875=ADVANCED_FACE('',(#189),#17,.T.);
#1876=ADVANCED_FACE('',(#190),#29,.T.);
#1877=ADVANCED_FACE('',(#191),#18,.T.);
#1878=ADVANCED_FACE('',(#192),#30,.T.);
#1879=ADVANCED_FACE('',(#193),#1782,.T.);
#1880=ADVANCED_FACE('',(#194),#31,.T.);
#1881=ADVANCED_FACE('',(#195),#1783,.T.);
#1882=ADVANCED_FACE('',(#196),#32,.T.);
#1883=ADVANCED_FACE('',(#197,#38,#39,#40),#1784,.F.);
#1884=ADVANCED_FACE('',(#198),#1785,.T.);
#1885=ADVANCED_FACE('',(#199),#33,.T.);
#1886=ADVANCED_FACE('',(#200),#1786,.T.);
#1887=ADVANCED_FACE('',(#201),#34,.T.);
#1888=ADVANCED_FACE('',(#202,#41,#42,#43,#44,#45,#46,#47),#1787,.T.);
#1889=CLOSED_SHELL('',(#1788,#1789,#1790,#1791,#1792,#1793,#1794,#1795,
#1796,#1797));
#1890=CLOSED_SHELL('',(#1798,#1799,#1800,#1801,#1802,#1803,#1804,#1805,
#1806,#1807,#1808,#1809,#1810,#1811,#1812,#1813,#1814,#1815,#1816,#1817,
#1818,#1819,#1820,#1821,#1822,#1823,#1824,#1825,#1826,#1827,#1828,#1829,
#1830,#1831,#1832,#1833,#1834,#1835,#1836,#1837,#1838,#1839,#1840,#1841,
#1842,#1843,#1844,#1845,#1846,#1847,#1848,#1849,#1850,#1851,#1852,#1853,
#1854,#1855,#1856,#1857,#1858,#1859,#1860,#1861,#1862,#1863,#1864,#1865,
#1866,#1867,#1868,#1869,#1870,#1871,#1872,#1873,#1874,#1875,#1876,#1877,
#1878,#1879,#1880,#1881,#1882,#1883,#1884,#1885,#1886,#1887,#1888));
#1891=DERIVED_UNIT_ELEMENT(#1893,1.);
#1892=DERIVED_UNIT_ELEMENT(#3114,-3.);
#1893=(
MASS_UNIT()
NAMED_UNIT(*)
SI_UNIT(.KILO.,.GRAM.)
);
#1894=DERIVED_UNIT((#1891,#1892));
#1895=MEASURE_REPRESENTATION_ITEM('density measure',
POSITIVE_RATIO_MEASURE(7850.),#1894);
#1896=PROPERTY_DEFINITION_REPRESENTATION(#1901,#1898);
#1897=PROPERTY_DEFINITION_REPRESENTATION(#1902,#1899);
#1898=REPRESENTATION('material name',(#1900),#3111);
#1899=REPRESENTATION('density',(#1895),#3111);
#1900=DESCRIPTIVE_REPRESENTATION_ITEM('Steel','Steel');
#1901=PROPERTY_DEFINITION('material property','material name',#3126);
#1902=PROPERTY_DEFINITION('material property','density of part',#3126);
#1903=AXIS2_PLACEMENT_3D('',#2569,#2053,#2054);
#1904=AXIS2_PLACEMENT_3D('',#2570,#2055,#2056);
#1905=AXIS2_PLACEMENT_3D('',#2571,#2057,#2058);
#1906=AXIS2_PLACEMENT_3D('',#2580,#2063,#2064);
#1907=AXIS2_PLACEMENT_3D('',#2586,#2068,#2069);
#1908=AXIS2_PLACEMENT_3D('',#2592,#2073,#2074);
#1909=AXIS2_PLACEMENT_3D('',#2598,#2078,#2079);
#1910=AXIS2_PLACEMENT_3D('',#2604,#2083,#2084);
#1911=AXIS2_PLACEMENT_3D('',#2610,#2088,#2089);
#1912=AXIS2_PLACEMENT_3D('',#2616,#2093,#2094);
#1913=AXIS2_PLACEMENT_3D('',#2619,#2097,#2098);
#1914=AXIS2_PLACEMENT_3D('',#2620,#2099,#2100);
#1915=AXIS2_PLACEMENT_3D('',#2621,#2101,#2102);
#1916=AXIS2_PLACEMENT_3D('',#2631,#2107,#2108);
#1917=AXIS2_PLACEMENT_3D('',#2632,#2109,#2110);
#1918=AXIS2_PLACEMENT_3D('',#2640,#2114,#2115);
#1919=AXIS2_PLACEMENT_3D('',#2641,#2116,#2117);
#1920=AXIS2_PLACEMENT_3D('',#2651,#2122,#2123);
#1921=AXIS2_PLACEMENT_3D('',#2652,#2124,#2125);
#1922=AXIS2_PLACEMENT_3D('',#2666,#2133,#2134);
#1923=AXIS2_PLACEMENT_3D('',#2672,#2137,#2138);
#1924=AXIS2_PLACEMENT_3D('',#2674,#2139,#2140);
#1925=AXIS2_PLACEMENT_3D('',#2675,#2141,#2142);
#1926=AXIS2_PLACEMENT_3D('',#2681,#2145,#2146);
#1927=AXIS2_PLACEMENT_3D('',#2685,#2148,#2149);
#1928=AXIS2_PLACEMENT_3D('',#2688,#2151,#2152);
#1929=AXIS2_PLACEMENT_3D('',#2689,#2153,#2154);
#1930=AXIS2_PLACEMENT_3D('',#2698,#2159,#2160);
#1931=AXIS2_PLACEMENT_3D('',#2704,#2164,#2165);
#1932=AXIS2_PLACEMENT_3D('',#2710,#2169,#2170);
#1933=AXIS2_PLACEMENT_3D('',#2716,#2174,#2175);
#1934=AXIS2_PLACEMENT_3D('',#2720,#2178,#2179);
#1935=AXIS2_PLACEMENT_3D('',#2724,#2182,#2183);
#1936=AXIS2_PLACEMENT_3D('',#2730,#2187,#2188);
#1937=AXIS2_PLACEMENT_3D('',#2734,#2191,#2192);
#1938=AXIS2_PLACEMENT_3D('',#2738,#2195,#2196);
#1939=AXIS2_PLACEMENT_3D('',#2744,#2200,#2201);
#1940=AXIS2_PLACEMENT_3D('',#2747,#2204,#2205);
#1941=AXIS2_PLACEMENT_3D('',#2753,#2209,#2210);
#1942=AXIS2_PLACEMENT_3D('',#2759,#2214,#2215);
#1943=AXIS2_PLACEMENT_3D('',#2765,#2219,#2220);
#1944=AXIS2_PLACEMENT_3D('',#2771,#2224,#2225);
#1945=AXIS2_PLACEMENT_3D('',#2774,#2228,#2229);
#1946=AXIS2_PLACEMENT_3D('',#2775,#2230,#2231);
#1947=AXIS2_PLACEMENT_3D('',#2776,#2232,#2233);
#1948=AXIS2_PLACEMENT_3D('',#2778,#2235,#2236);
#1949=AXIS2_PLACEMENT_3D('',#2781,#2239,#2240);
#1950=AXIS2_PLACEMENT_3D('',#2783,#2242,#2243);
#1951=AXIS2_PLACEMENT_3D('',#2784,#2244,#2245);
#1952=AXIS2_PLACEMENT_3D('',#2790,#2249,#2250);
#1953=AXIS2_PLACEMENT_3D('',#2792,#2251,#2252);
#1954=AXIS2_PLACEMENT_3D('',#2794,#2254,#2255);
#1955=AXIS2_PLACEMENT_3D('',#2800,#2259,#2260);
#1956=AXIS2_PLACEMENT_3D('',#2806,#2264,#2265);
#1957=AXIS2_PLACEMENT_3D('',#2812,#2269,#2270);
#1958=AXIS2_PLACEMENT_3D('',#2814,#2271,#2272);
#1959=AXIS2_PLACEMENT_3D('',#2817,#2274,#2275);
#1960=AXIS2_PLACEMENT_3D('',#2818,#2276,#2277);
#1961=AXIS2_PLACEMENT_3D('',#2821,#2280,#2281);
#1962=AXIS2_PLACEMENT_3D('',#2823,#2282,#2283);
#1963=AXIS2_PLACEMENT_3D('',#2824,#2284,#2285);
#1964=AXIS2_PLACEMENT_3D('',#2826,#2286,#2287);
#1965=AXIS2_PLACEMENT_3D('',#2827,#2288,#2289);
#1966=AXIS2_PLACEMENT_3D('',#2829,#2290,#2291);
#1967=AXIS2_PLACEMENT_3D('',#2830,#2292,#2293);
#1968=AXIS2_PLACEMENT_3D('',#2832,#2295,#2296);
#1969=AXIS2_PLACEMENT_3D('',#2834,#2297,#2298);
#1970=AXIS2_PLACEMENT_3D('',#2836,#2300,#2301);
#1971=AXIS2_PLACEMENT_3D('',#2838,#2302,#2303);
#1972=AXIS2_PLACEMENT_3D('',#2841,#2305,#2306);
#1973=AXIS2_PLACEMENT_3D('',#2842,#2307,#2308);
#1974=AXIS2_PLACEMENT_3D('',#2843,#2309,#2310);
#1975=AXIS2_PLACEMENT_3D('',#2845,#2311,#2312);
#1976=AXIS2_PLACEMENT_3D('',#2847,#2314,#2315);
#1977=AXIS2_PLACEMENT_3D('',#2849,#2316,#2317);
#1978=AXIS2_PLACEMENT_3D('',#2853,#2319,#2320);
#1979=AXIS2_PLACEMENT_3D('',#2857,#2322,#2323);
#1980=AXIS2_PLACEMENT_3D('',#2861,#2325,#2326);
#1981=AXIS2_PLACEMENT_3D('',#2865,#2328,#2329);
#1982=AXIS2_PLACEMENT_3D('',#2868,#2331,#2332);
#1983=AXIS2_PLACEMENT_3D('',#2869,#2333,#2334);
#1984=AXIS2_PLACEMENT_3D('',#2870,#2335,#2336);
#1985=AXIS2_PLACEMENT_3D('',#2876,#2340,#2341);
#1986=AXIS2_PLACEMENT_3D('',#2885,#2347,#2348);
#1987=AXIS2_PLACEMENT_3D('',#2889,#2351,#2352);
#1988=AXIS2_PLACEMENT_3D('',#2898,#2357,#2358);
#1989=AXIS2_PLACEMENT_3D('',#2904,#2362,#2363);
#1990=AXIS2_PLACEMENT_3D('',#2910,#2367,#2368);
#1991=AXIS2_PLACEMENT_3D('',#2913,#2371,#2372);
#1992=AXIS2_PLACEMENT_3D('',#2922,#2377,#2378);
#1993=AXIS2_PLACEMENT_3D('',#2928,#2382,#2383);
#1994=AXIS2_PLACEMENT_3D('',#2934,#2387,#2388);
#1995=AXIS2_PLACEMENT_3D('',#2937,#2391,#2392);
#1996=AXIS2_PLACEMENT_3D('',#2946,#2397,#2398);
#1997=AXIS2_PLACEMENT_3D('',#2952,#2402,#2403);
#1998=AXIS2_PLACEMENT_3D('',#2958,#2407,#2408);
#1999=AXIS2_PLACEMENT_3D('',#2964,#2412,#2413);
#2000=AXIS2_PLACEMENT_3D('',#2970,#2417,#2418);
#2001=AXIS2_PLACEMENT_3D('',#2973,#2421,#2422);
#2002=AXIS2_PLACEMENT_3D('',#2974,#2423,#2424);
#2003=AXIS2_PLACEMENT_3D('',#2980,#2428,#2429);
#2004=AXIS2_PLACEMENT_3D('',#2982,#2431,#2432);
#2005=AXIS2_PLACEMENT_3D('',#2984,#2434,#2435);
#2006=AXIS2_PLACEMENT_3D('',#2985,#2436,#2437);
#2007=AXIS2_PLACEMENT_3D('',#2987,#2439,#2440);
#2008=AXIS2_PLACEMENT_3D('',#2996,#2445,#2446);
#2009=AXIS2_PLACEMENT_3D('',#3002,#2450,#2451);
#2010=AXIS2_PLACEMENT_3D('',#3008,#2455,#2456);
#2011=AXIS2_PLACEMENT_3D('',#3014,#2460,#2461);
#2012=AXIS2_PLACEMENT_3D('',#3020,#2465,#2466);
#2013=AXIS2_PLACEMENT_3D('',#3023,#2469,#2470);
#2014=AXIS2_PLACEMENT_3D('',#3024,#2471,#2472);
#2015=AXIS2_PLACEMENT_3D('',#3027,#2473,#2474);
#2016=AXIS2_PLACEMENT_3D('',#3029,#2475,#2476);
#2017=AXIS2_PLACEMENT_3D('',#3031,#2477,#2478);
#2018=AXIS2_PLACEMENT_3D('',#3032,#2479,#2480);
#2019=AXIS2_PLACEMENT_3D('',#3033,#2481,#2482);
#2020=AXIS2_PLACEMENT_3D('',#3036,#2483,#2484);
#2021=AXIS2_PLACEMENT_3D('',#3039,#2487,#2488);
#2022=AXIS2_PLACEMENT_3D('',#3042,#2489,#2490);
#2023=AXIS2_PLACEMENT_3D('',#3043,#2491,#2492);
#2024=AXIS2_PLACEMENT_3D('',#3044,#2493,#2494);
#2025=AXIS2_PLACEMENT_3D('',#3045,#2495,#2496);
#2026=AXIS2_PLACEMENT_3D('',#3048,#2497,#2498);
#2027=AXIS2_PLACEMENT_3D('',#3051,#2501,#2502);
#2028=AXIS2_PLACEMENT_3D('',#3054,#2503,#2504);
#2029=AXIS2_PLACEMENT_3D('',#3055,#2505,#2506);
#2030=AXIS2_PLACEMENT_3D('',#3056,#2507,#2508);
#2031=AXIS2_PLACEMENT_3D('',#3057,#2509,#2510);
#2032=AXIS2_PLACEMENT_3D('',#3060,#2511,#2512);
#2033=AXIS2_PLACEMENT_3D('',#3063,#2515,#2516);
#2034=AXIS2_PLACEMENT_3D('',#3066,#2517,#2518);
#2035=AXIS2_PLACEMENT_3D('',#3067,#2519,#2520);
#2036=AXIS2_PLACEMENT_3D('',#3068,#2521,#2522);
#2037=AXIS2_PLACEMENT_3D('',#3069,#2523,#2524);
#2038=AXIS2_PLACEMENT_3D('',#3072,#2527,#2528);
#2039=AXIS2_PLACEMENT_3D('',#3078,#2532,#2533);
#2040=AXIS2_PLACEMENT_3D('',#3081,#2535,#2536);
#2041=AXIS2_PLACEMENT_3D('',#3082,#2537,#2538);
#2042=AXIS2_PLACEMENT_3D('',#3086,#2541,#2542);
#2043=AXIS2_PLACEMENT_3D('',#3089,#2544,#2545);
#2044=AXIS2_PLACEMENT_3D('',#3090,#2546,#2547);
#2045=AXIS2_PLACEMENT_3D('',#3091,#2548,#2549);
#2046=AXIS2_PLACEMENT_3D('',#3095,#2552,#2553);
#2047=AXIS2_PLACEMENT_3D('',#3098,#2555,#2556);
#2048=AXIS2_PLACEMENT_3D('',#3099,#2557,#2558);
#2049=AXIS2_PLACEMENT_3D('',#3103,#2561,#2562);
#2050=AXIS2_PLACEMENT_3D('',#3104,#2563,#2564);
#2051=AXIS2_PLACEMENT_3D('',#3105,#2565,#2566);
#2052=AXIS2_PLACEMENT_3D('',#3106,#2567,#2568);
#2053=DIRECTION('axis',(0.,0.,1.));
#2054=DIRECTION('refdir',(1.,0.,0.));
#2055=DIRECTION('axis',(0.,0.,1.));
#2056=DIRECTION('refdir',(1.,0.,0.));
#2057=DIRECTION('center_axis',(0.,1.,0.));
#2058=DIRECTION('ref_axis',(-1.,0.,0.));
#2059=DIRECTION('',(-1.,0.,0.));
#2060=DIRECTION('',(0.,0.,1.));
#2061=DIRECTION('',(-1.,0.,0.));
#2062=DIRECTION('',(0.,0.,1.));
#2063=DIRECTION('center_axis',(-1.,0.,0.));
#2064=DIRECTION('ref_axis',(0.,-1.,0.));
#2065=DIRECTION('',(0.,1.,0.));
#2066=DIRECTION('',(0.,-1.,0.));
#2067=DIRECTION('',(0.,0.,1.));
#2068=DIRECTION('center_axis',(0.,1.,0.));
#2069=DIRECTION('ref_axis',(-1.,0.,0.));
#2070=DIRECTION('',(1.,0.,0.));
#2071=DIRECTION('',(-1.,0.,0.));
#2072=DIRECTION('',(0.,0.,1.));
#2073=DIRECTION('center_axis',(1.,0.,0.));
#2074=DIRECTION('ref_axis',(0.,1.,0.));
#2075=DIRECTION('',(0.,-1.,0.));
#2076=DIRECTION('',(0.,1.,0.));
#2077=DIRECTION('',(0.,0.,1.));
#2078=DIRECTION('center_axis',(0.,-1.,0.));
#2079=DIRECTION('ref_axis',(1.,0.,0.));
#2080=DIRECTION('',(-1.,0.,0.));
#2081=DIRECTION('',(1.,0.,0.));
#2082=DIRECTION('',(0.,0.,1.));
#2083=DIRECTION('center_axis',(-1.,0.,0.));
#2084=DIRECTION('ref_axis',(0.,-1.,0.));
#2085=DIRECTION('',(0.,1.,0.));
#2086=DIRECTION('',(0.,-1.,0.));
#2087=DIRECTION('',(0.,0.,1.));
#2088=DIRECTION('center_axis',(1.41130045503198E-16,-1.,0.));
#2089=DIRECTION('ref_axis',(1.,1.41130045503198E-16,0.));
#2090=DIRECTION('',(1.,1.41130045503198E-16,0.));
#2091=DIRECTION('',(1.,1.41130045503198E-16,0.));
#2092=DIRECTION('',(0.,0.,1.));
#2093=DIRECTION('center_axis',(-1.,3.26536183713281E-16,0.));
#2094=DIRECTION('ref_axis',(-3.26536183713281E-16,-1.,0.));
#2095=DIRECTION('',(-3.26536183713281E-16,-1.,0.));
#2096=DIRECTION('',(-3.26536183713281E-16,-1.,0.));
#2097=DIRECTION('center_axis',(0.,0.,1.));
#2098=DIRECTION('ref_axis',(1.,0.,0.));
#2099=DIRECTION('center_axis',(0.,0.,1.));
#2100=DIRECTION('ref_axis',(1.,0.,0.));
#2101=DIRECTION('center_axis',(0.,0.,1.));
#2102=DIRECTION('ref_axis',(-1.,0.,0.));
#2103=DIRECTION('',(-1.,0.,0.));
#2104=DIRECTION('',(0.,-1.,0.));
#2105=DIRECTION('',(1.,0.,0.));
#2106=DIRECTION('',(0.,1.,0.));
#2107=DIRECTION('center_axis',(0.,0.,1.));
#2108=DIRECTION('ref_axis',(0.,-1.,0.));
#2109=DIRECTION('center_axis',(0.,0.,1.));
#2110=DIRECTION('ref_axis',(-1.,0.,0.));
#2111=DIRECTION('',(1.,-3.64007549057428E-16,0.));
#2112=DIRECTION('',(0.,1.,0.));
#2113=DIRECTION('',(-1.,-3.64007549057428E-16,0.));
#2114=DIRECTION('center_axis',(0.,0.,1.));
#2115=DIRECTION('ref_axis',(0.,-1.,0.));
#2116=DIRECTION('center_axis',(0.,0.,1.));
#2117=DIRECTION('ref_axis',(1.,0.,0.));
#2118=DIRECTION('',(0.,1.,0.));
#2119=DIRECTION('',(-1.,0.,0.));
#2120=DIRECTION('',(0.,-1.,0.));
#2121=DIRECTION('',(1.,3.41607084500048E-16,0.));
#2122=DIRECTION('center_axis',(0.,0.,1.));
#2123=DIRECTION('ref_axis',(0.,-1.,0.));
#2124=DIRECTION('center_axis',(3.41607084500048E-16,-1.,0.));
#2125=DIRECTION('ref_axis',(1.,3.41607084500048E-16,0.));
#2126=DIRECTION('',(0.,0.,1.));
#2127=DIRECTION('',(-1.,-3.41607084500048E-16,0.));
#2128=DIRECTION('',(0.,0.,1.));
#2129=DIRECTION('',(-1.,-3.41607084500048E-16,0.));
#2130=DIRECTION('',(0.,0.,1.));
#2131=DIRECTION('',(1.,3.41607084500048E-16,0.));
#2132=DIRECTION('',(0.,0.,1.));
#2133=DIRECTION('center_axis',(0.,0.,1.));
#2134=DIRECTION('ref_axis',(-1.,0.,0.));
#2135=DIRECTION('',(0.,-1.,0.));
#2136=DIRECTION('',(-1.,0.,0.));
#2137=DIRECTION('center_axis',(0.,0.,1.));
#2138=DIRECTION('ref_axis',(-1.,0.,0.));
#2139=DIRECTION('center_axis',(0.,0.,-1.));
#2140=DIRECTION('ref_axis',(-1.,0.,0.));
#2141=DIRECTION('center_axis',(0.,0.,1.));
#2142=DIRECTION('ref_axis',(0.37553567488983,-0.92680793958891,0.));
#2143=DIRECTION('',(0.,0.,1.));
#2144=DIRECTION('',(0.,0.,-1.));
#2145=DIRECTION('center_axis',(0.,0.,1.));
#2146=DIRECTION('ref_axis',(-1.,0.,0.));
#2147=DIRECTION('',(0.,0.,-1.));
#2148=DIRECTION('center_axis',(0.,0.,-1.));
#2149=DIRECTION('ref_axis',(-1.,0.,0.));
#2150=DIRECTION('',(0.,0.,1.));
#2151=DIRECTION('center_axis',(0.,0.,1.));
#2152=DIRECTION('ref_axis',(-1.,0.,0.));
#2153=DIRECTION('center_axis',(-1.,0.,0.));
#2154=DIRECTION('ref_axis',(0.,-1.,0.));
#2155=DIRECTION('',(0.,1.,0.));
#2156=DIRECTION('',(0.,0.,1.));
#2157=DIRECTION('',(0.,-1.,0.));
#2158=DIRECTION('',(0.,0.,1.));
#2159=DIRECTION('center_axis',(0.,1.,0.));
#2160=DIRECTION('ref_axis',(-1.,0.,0.));
#2161=DIRECTION('',(1.,0.,0.));
#2162=DIRECTION('',(-1.,0.,0.));
#2163=DIRECTION('',(0.,0.,1.));
#2164=DIRECTION('center_axis',(1.,0.,0.));
#2165=DIRECTION('ref_axis',(0.,1.,0.));
#2166=DIRECTION('',(0.,-1.,0.));
#2167=DIRECTION('',(0.,1.,0.));
#2168=DIRECTION('',(0.,0.,1.));
#2169=DIRECTION('center_axis',(-1.,0.,0.));
#2170=DIRECTION('ref_axis',(0.,-1.,0.));
#2171=DIRECTION('',(0.,0.,-1.));
#2172=DIRECTION('',(0.,-1.,0.));
#2173=DIRECTION('',(0.,0.,-1.));
#2174=DIRECTION('center_axis',(0.,-1.,0.));
#2175=DIRECTION('ref_axis',(1.,0.,0.));
#2176=DIRECTION('',(1.,0.,0.));
#2177=DIRECTION('',(0.,0.,-1.));
#2178=DIRECTION('center_axis',(1.,0.,0.));
#2179=DIRECTION('ref_axis',(0.,1.,0.));
#2180=DIRECTION('',(0.,1.,0.));
#2181=DIRECTION('',(0.,0.,1.));
#2182=DIRECTION('center_axis',(-3.64007549057428E-16,-1.,0.));
#2183=DIRECTION('ref_axis',(1.,-3.64007549057428E-16,0.));
#2184=DIRECTION('',(0.,0.,-1.));
#2185=DIRECTION('',(1.,-3.64007549057428E-16,0.));
#2186=DIRECTION('',(0.,0.,-1.));
#2187=DIRECTION('center_axis',(1.,0.,0.));
#2188=DIRECTION('ref_axis',(0.,1.,0.));
#2189=DIRECTION('',(0.,1.,0.));
#2190=DIRECTION('',(0.,0.,-1.));
#2191=DIRECTION('center_axis',(-3.64007549057428E-16,1.,0.));
#2192=DIRECTION('ref_axis',(-1.,-3.64007549057428E-16,0.));
#2193=DIRECTION('',(-1.,-3.64007549057428E-16,0.));
#2194=DIRECTION('',(0.,0.,1.));
#2195=DIRECTION('center_axis',(1.,0.,0.));
#2196=DIRECTION('ref_axis',(0.,1.,0.));
#2197=DIRECTION('',(0.,0.,-1.));
#2198=DIRECTION('',(0.,1.,0.));
#2199=DIRECTION('',(0.,0.,-1.));
#2200=DIRECTION('center_axis',(0.,1.,0.));
#2201=DIRECTION('ref_axis',(-1.,0.,0.));
#2202=DIRECTION('',(-1.,0.,0.));
#2203=DIRECTION('',(0.,0.,-1.));
#2204=DIRECTION('center_axis',(0.,-1.,0.));
#2205=DIRECTION('ref_axis',(1.,0.,0.));
#2206=DIRECTION('',(-1.,0.,0.));
#2207=DIRECTION('',(1.,0.,0.));
#2208=DIRECTION('',(0.,0.,1.));
#2209=DIRECTION('center_axis',(-1.,0.,0.));
#2210=DIRECTION('ref_axis',(0.,-1.,0.));
#2211=DIRECTION('',(0.,1.,0.));
#2212=DIRECTION('',(0.,-1.,0.));
#2213=DIRECTION('',(0.,0.,1.));
#2214=DIRECTION('center_axis',(7.28015098114856E-16,-1.,0.));
#2215=DIRECTION('ref_axis',(1.,7.28015098114856E-16,0.));
#2216=DIRECTION('',(-1.,-7.28015098114856E-16,0.));
#2217=DIRECTION('',(1.,7.28015098114856E-16,0.));
#2218=DIRECTION('',(0.,0.,1.));
#2219=DIRECTION('center_axis',(-1.,0.,0.));
#2220=DIRECTION('ref_axis',(0.,-1.,0.));
#2221=DIRECTION('',(0.,1.,0.));
#2222=DIRECTION('',(0.,-1.,0.));
#2223=DIRECTION('',(0.,0.,1.));
#2224=DIRECTION('center_axis',(3.64007549057428E-16,1.,0.));
#2225=DIRECTION('ref_axis',(-1.,3.64007549057428E-16,0.));
#2226=DIRECTION('',(1.,-3.64007549057428E-16,0.));
#2227=DIRECTION('',(-1.,3.64007549057428E-16,0.));
#2228=DIRECTION('center_axis',(0.,0.,1.));
#2229=DIRECTION('ref_axis',(-1.,0.,0.));
#2230=DIRECTION('center_axis',(0.,0.,-1.));
#2231=DIRECTION('ref_axis',(0.,1.,0.));
#2232=DIRECTION('center_axis',(0.,0.,-1.));
#2233=DIRECTION('ref_axis',(0.,1.,0.));
#2234=DIRECTION('',(1.,0.,0.));
#2235=DIRECTION('center_axis',(1.,0.,0.));
#2236=DIRECTION('ref_axis',(0.,1.,0.));
#2237=DIRECTION('',(0.,-1.,0.));
#2238=DIRECTION('',(0.,1.,0.));
#2239=DIRECTION('center_axis',(-1.,0.,0.));
#2240=DIRECTION('ref_axis',(0.,-1.,0.));
#2241=DIRECTION('',(0.,-1.,0.));
#2242=DIRECTION('center_axis',(0.,0.,1.));
#2243=DIRECTION('ref_axis',(-1.,0.,0.));
#2244=DIRECTION('center_axis',(1.,0.,0.));
#2245=DIRECTION('ref_axis',(0.,1.,0.));
#2246=DIRECTION('',(0.,1.,0.));
#2247=DIRECTION('',(0.,-1.,0.));
#2248=DIRECTION('',(0.,0.,1.));
#2249=DIRECTION('center_axis',(0.,0.,1.));
#2250=DIRECTION('ref_axis',(0.,-1.,0.));
#2251=DIRECTION('center_axis',(0.,0.,1.));
#2252=DIRECTION('ref_axis',(0.,-1.,0.));
#2253=DIRECTION('',(0.,0.,1.));
#2254=DIRECTION('center_axis',(0.,1.,0.));
#2255=DIRECTION('ref_axis',(-1.,0.,0.));
#2256=DIRECTION('',(-1.,0.,0.));
#2257=DIRECTION('',(0.,0.,1.));
#2258=DIRECTION('',(1.,0.,0.));
#2259=DIRECTION('center_axis',(1.,0.,0.));
#2260=DIRECTION('ref_axis',(0.,1.,0.));
#2261=DIRECTION('',(0.,1.,0.));
#2262=DIRECTION('',(0.,0.,1.));
#2263=DIRECTION('',(0.,-1.,0.));
#2264=DIRECTION('center_axis',(0.,-1.,0.));
#2265=DIRECTION('ref_axis',(1.,0.,0.));
#2266=DIRECTION('',(1.,0.,0.));
#2267=DIRECTION('',(0.,0.,1.));
#2268=DIRECTION('',(-1.,0.,0.));
#2269=DIRECTION('center_axis',(0.,0.,1.));
#2270=DIRECTION('ref_axis',(0.,-1.,0.));
#2271=DIRECTION('center_axis',(0.,0.,-1.));
#2272=DIRECTION('ref_axis',(0.,-1.,0.));
#2273=DIRECTION('',(0.,0.,1.));
#2274=DIRECTION('center_axis',(0.,0.,1.));
#2275=DIRECTION('ref_axis',(0.,-1.,0.));
#2276=DIRECTION('center_axis',(-3.41607084500048E-16,1.,0.));
#2277=DIRECTION('ref_axis',(-1.,-3.41607084500048E-16,0.));
#2278=DIRECTION('',(-1.,-3.41607084500048E-16,0.));
#2279=DIRECTION('',(1.,3.41607084500048E-16,0.));
#2280=DIRECTION('center_axis',(0.,0.,1.));
#2281=DIRECTION('ref_axis',(1.,0.,0.));
#2282=DIRECTION('center_axis',(0.,0.,-1.));
#2283=DIRECTION('ref_axis',(-1.,0.,0.));
#2284=DIRECTION('center_axis',(0.,0.,1.));
#2285=DIRECTION('ref_axis',(1.,0.,0.));
#2286=DIRECTION('center_axis',(0.,0.,-1.));
#2287=DIRECTION('ref_axis',(-1.,0.,0.));
#2288=DIRECTION('center_axis',(0.,0.,1.));
#2289=DIRECTION('ref_axis',(1.,0.,0.));
#2290=DIRECTION('center_axis',(0.,0.,-1.));
#2291=DIRECTION('ref_axis',(-1.,0.,0.));
#2292=DIRECTION('center_axis',(0.,0.,1.));
#2293=DIRECTION('ref_axis',(-1.,0.,0.));
#2294=DIRECTION('',(0.,0.,-1.));
#2295=DIRECTION('center_axis',(0.,0.,1.));
#2296=DIRECTION('ref_axis',(-1.,0.,0.));
#2297=DIRECTION('center_axis',(0.,0.,-1.));
#2298=DIRECTION('ref_axis',(-1.,0.,0.));
#2299=DIRECTION('',(0.,0.,-1.));
#2300=DIRECTION('center_axis',(0.,0.,1.));
#2301=DIRECTION('ref_axis',(-1.,0.,0.));
#2302=DIRECTION('center_axis',(0.,0.,1.));
#2303=DIRECTION('ref_axis',(-1.,0.,0.));
#2304=DIRECTION('',(0.,0.,-1.));
#2305=DIRECTION('center_axis',(0.,0.,-1.));
#2306=DIRECTION('ref_axis',(-1.,0.,0.));
#2307=DIRECTION('center_axis',(0.,0.,1.));
#2308=DIRECTION('ref_axis',(-1.,0.,0.));
#2309=DIRECTION('center_axis',(0.,0.,1.));
#2310=DIRECTION('ref_axis',(-1.,0.,0.));
#2311=DIRECTION('center_axis',(0.,0.,-1.));
#2312=DIRECTION('ref_axis',(-1.,0.,0.));
#2313=DIRECTION('',(0.,0.,-1.));
#2314=DIRECTION('center_axis',(0.,0.,1.));
#2315=DIRECTION('ref_axis',(-1.,0.,0.));
#2316=DIRECTION('center_axis',(0.,0.,1.));
#2317=DIRECTION('ref_axis',(-1.,0.,0.));
#2318=DIRECTION('',(0.,0.,-1.));
#2319=DIRECTION('center_axis',(0.,0.,-1.));
#2320=DIRECTION('ref_axis',(-1.,0.,0.));
#2321=DIRECTION('',(0.,0.,1.));
#2322=DIRECTION('center_axis',(0.,0.,-1.));
#2323=DIRECTION('ref_axis',(-1.,0.,0.));
#2324=DIRECTION('',(0.,0.,-1.));
#2325=DIRECTION('center_axis',(0.,0.,-1.));
#2326=DIRECTION('ref_axis',(-1.,0.,0.));
#2327=DIRECTION('',(0.,0.,1.));
#2328=DIRECTION('center_axis',(0.,0.,-1.));
#2329=DIRECTION('ref_axis',(-1.,0.,0.));
#2330=DIRECTION('',(0.,0.,-1.));
#2331=DIRECTION('center_axis',(0.,0.,-1.));
#2332=DIRECTION('ref_axis',(-1.,0.,0.));
#2333=DIRECTION('center_axis',(0.,0.,1.));
#2334=DIRECTION('ref_axis',(-1.,0.,0.));
#2335=DIRECTION('center_axis',(0.,-1.,0.));
#2336=DIRECTION('ref_axis',(1.,0.,0.));
#2337=DIRECTION('',(-1.,0.,0.));
#2338=DIRECTION('',(0.,0.,1.));
#2339=DIRECTION('',(1.,0.,0.));
#2340=DIRECTION('center_axis',(0.,0.,1.));
#2341=DIRECTION('ref_axis',(1.,0.,0.));
#2342=DIRECTION('',(0.,1.,0.));
#2343=DIRECTION('',(-1.,0.,0.));
#2344=DIRECTION('',(0.,-1.,0.));
#2345=DIRECTION('',(1.,6.53072367426563E-16,0.));
#2346=DIRECTION('',(0.,-1.,0.));
#2347=DIRECTION('center_axis',(0.,0.,1.));
#2348=DIRECTION('ref_axis',(1.,0.,0.));
#2349=DIRECTION('',(0.,1.,0.));
#2350=DIRECTION('',(-1.,-6.53072367426563E-16,0.));
#2351=DIRECTION('center_axis',(0.,-1.,0.));
#2352=DIRECTION('ref_axis',(-1.,0.,0.));
#2353=DIRECTION('',(1.,0.,0.));
#2354=DIRECTION('',(0.,0.,-1.));
#2355=DIRECTION('',(-1.,0.,0.));
#2356=DIRECTION('',(0.,0.,-1.));
#2357=DIRECTION('center_axis',(1.,0.,0.));
#2358=DIRECTION('ref_axis',(0.,-1.,0.));
#2359=DIRECTION('',(0.,1.,0.));
#2360=DIRECTION('',(0.,-1.,0.));
#2361=DIRECTION('',(0.,0.,-1.));
#2362=DIRECTION('center_axis',(0.,1.,0.));
#2363=DIRECTION('ref_axis',(1.,0.,0.));
#2364=DIRECTION('',(-1.,0.,0.));
#2365=DIRECTION('',(1.,0.,0.));
#2366=DIRECTION('',(0.,0.,-1.));
#2367=DIRECTION('center_axis',(-1.,0.,0.));
#2368=DIRECTION('ref_axis',(0.,1.,0.));
#2369=DIRECTION('',(0.,-1.,0.));
#2370=DIRECTION('',(0.,1.,0.));
#2371=DIRECTION('center_axis',(1.,0.,0.));
#2372=DIRECTION('ref_axis',(0.,-1.,0.));
#2373=DIRECTION('',(0.,1.,0.));
#2374=DIRECTION('',(0.,0.,-1.));
#2375=DIRECTION('',(0.,-1.,0.));
#2376=DIRECTION('',(0.,0.,-1.));
#2377=DIRECTION('center_axis',(0.,1.,0.));
#2378=DIRECTION('ref_axis',(1.,0.,0.));
#2379=DIRECTION('',(-1.,0.,0.));
#2380=DIRECTION('',(1.,0.,0.));
#2381=DIRECTION('',(0.,0.,-1.));
#2382=DIRECTION('center_axis',(-1.,0.,0.));
#2383=DIRECTION('ref_axis',(0.,1.,0.));
#2384=DIRECTION('',(0.,-1.,0.));
#2385=DIRECTION('',(0.,1.,0.));
#2386=DIRECTION('',(0.,0.,-1.));
#2387=DIRECTION('center_axis',(0.,-1.,0.));
#2388=DIRECTION('ref_axis',(-1.,0.,0.));
#2389=DIRECTION('',(1.,0.,0.));
#2390=DIRECTION('',(-1.,0.,0.));
#2391=DIRECTION('center_axis',(0.,-1.,0.));
#2392=DIRECTION('ref_axis',(1.,0.,0.));
#2393=DIRECTION('',(-1.,0.,0.));
#2394=DIRECTION('',(0.,0.,1.));
#2395=DIRECTION('',(1.,0.,0.));
#2396=DIRECTION('',(0.,0.,1.));
#2397=DIRECTION('center_axis',(-1.,0.,0.));
#2398=DIRECTION('ref_axis',(0.,-1.,0.));
#2399=DIRECTION('',(0.,1.,0.));
#2400=DIRECTION('',(0.,-1.,0.));
#2401=DIRECTION('',(0.,0.,1.));
#2402=DIRECTION('center_axis',(0.,1.,0.));
#2403=DIRECTION('ref_axis',(-1.,0.,0.));
#2404=DIRECTION('',(1.,0.,0.));
#2405=DIRECTION('',(-1.,0.,0.));
#2406=DIRECTION('',(0.,0.,1.));
#2407=DIRECTION('center_axis',(1.,0.,0.));
#2408=DIRECTION('ref_axis',(0.,1.,0.));
#2409=DIRECTION('',(0.,-1.,0.));
#2410=DIRECTION('',(0.,1.,0.));
#2411=DIRECTION('',(0.,0.,1.));
#2412=DIRECTION('center_axis',(0.,1.,0.));
#2413=DIRECTION('ref_axis',(-1.,0.,0.));
#2414=DIRECTION('',(1.,0.,0.));
#2415=DIRECTION('',(-1.,0.,0.));
#2416=DIRECTION('',(0.,0.,1.));
#2417=DIRECTION('center_axis',(1.,0.,0.));
#2418=DIRECTION('ref_axis',(0.,1.,0.));
#2419=DIRECTION('',(0.,-1.,0.));
#2420=DIRECTION('',(0.,1.,0.));
#2421=DIRECTION('center_axis',(0.,0.,1.));
#2422=DIRECTION('ref_axis',(1.,0.,0.));
#2423=DIRECTION('center_axis',(0.,1.,0.));
#2424=DIRECTION('ref_axis',(-1.,0.,0.));
#2425=DIRECTION('',(1.,0.,0.));
#2426=DIRECTION('',(0.,0.,1.));
#2427=DIRECTION('',(0.,0.,1.));
#2428=DIRECTION('center_axis',(1.,0.,0.));
#2429=DIRECTION('ref_axis',(0.,1.,0.));
#2430=DIRECTION('',(0.,-1.,0.));
#2431=DIRECTION('center_axis',(-1.,0.,0.));
#2432=DIRECTION('ref_axis',(0.,-1.,0.));
#2433=DIRECTION('',(0.,0.,1.));
#2434=DIRECTION('center_axis',(6.53072367426563E-16,-1.,0.));
#2435=DIRECTION('ref_axis',(1.,6.53072367426563E-16,0.));
#2436=DIRECTION('center_axis',(-1.,0.,0.));
#2437=DIRECTION('ref_axis',(0.,-1.,0.));
#2438=DIRECTION('',(0.,1.,0.));
#2439=DIRECTION('center_axis',(1.,0.,0.));
#2440=DIRECTION('ref_axis',(0.,1.,0.));
#2441=DIRECTION('',(0.,-1.,0.));
#2442=DIRECTION('',(0.,0.,1.));
#2443=DIRECTION('',(0.,1.,0.));
#2444=DIRECTION('',(0.,0.,1.));
#2445=DIRECTION('center_axis',(0.,-1.,0.));
#2446=DIRECTION('ref_axis',(1.,0.,0.));
#2447=DIRECTION('',(-1.,0.,0.));
#2448=DIRECTION('',(1.,0.,0.));
#2449=DIRECTION('',(0.,0.,1.));
#2450=DIRECTION('center_axis',(-1.,0.,0.));
#2451=DIRECTION('ref_axis',(0.,-1.,0.));
#2452=DIRECTION('',(0.,1.,0.));
#2453=DIRECTION('',(0.,-1.,0.));
#2454=DIRECTION('',(0.,0.,1.));
#2455=DIRECTION('center_axis',(0.,1.,0.));
#2456=DIRECTION('ref_axis',(-1.,0.,0.));
#2457=DIRECTION('',(1.,0.,0.));
#2458=DIRECTION('',(-1.,0.,0.));
#2459=DIRECTION('',(0.,0.,1.));
#2460=DIRECTION('center_axis',(-1.,0.,0.));
#2461=DIRECTION('ref_axis',(0.,-1.,0.));
#2462=DIRECTION('',(0.,1.,0.));
#2463=DIRECTION('',(0.,-1.,0.));
#2464=DIRECTION('',(0.,0.,1.));
#2465=DIRECTION('center_axis',(0.,1.,0.));
#2466=DIRECTION('ref_axis',(-1.,0.,0.));
#2467=DIRECTION('',(1.,0.,0.));
#2468=DIRECTION('',(-1.,0.,0.));
#2469=DIRECTION('center_axis',(0.,0.,1.));
#2470=DIRECTION('ref_axis',(1.,0.,0.));
#2471=DIRECTION('center_axis',(0.,0.,1.));
#2472=DIRECTION('ref_axis',(1.,0.,0.));
#2473=DIRECTION('center_axis',(0.,-1.,0.));
#2474=DIRECTION('ref_axis',(-1.,0.,0.));
#2475=DIRECTION('center_axis',(0.,0.,1.));
#2476=DIRECTION('ref_axis',(-0.707106781186546,-0.707106781186549,0.));
#2477=DIRECTION('center_axis',(-1.,0.,0.));
#2478=DIRECTION('ref_axis',(0.,0.,-1.));
#2479=DIRECTION('center_axis',(0.,0.,-1.));
#2480=DIRECTION('ref_axis',(-0.707106781186546,-0.707106781186549,0.));
#2481=DIRECTION('center_axis',(-1.,0.,0.));
#2482=DIRECTION('ref_axis',(0.,-0.707106781186546,-0.707106781186549));
#2483=DIRECTION('center_axis',(-1.,1.1842378929335E-14,0.));
#2484=DIRECTION('ref_axis',(0.,0.,-1.));
#2485=DIRECTION('',(-1.,0.,0.));
#2486=DIRECTION('',(1.,0.,0.));
#2487=DIRECTION('center_axis',(0.,0.,1.));
#2488=DIRECTION('ref_axis',(1.,0.,0.));
#2489=DIRECTION('center_axis',(0.,-1.,0.));
#2490=DIRECTION('ref_axis',(0.,0.,-1.));
#2491=DIRECTION('center_axis',(0.,0.,-1.));
#2492=DIRECTION('ref_axis',(0.707106781186547,-0.707106781186548,0.));
#2493=DIRECTION('center_axis',(0.,0.,1.));
#2494=DIRECTION('ref_axis',(0.707106781186547,-0.707106781186548,0.));
#2495=DIRECTION('center_axis',(2.16655304232254E-16,-1.,0.));
#2496=DIRECTION('ref_axis',(0.707106781186544,0.,-0.707106781186551));
#2497=DIRECTION('center_axis',(2.96059473233374E-15,-1.,0.));
#2498=DIRECTION('ref_axis',(0.,0.,-1.));
#2499=DIRECTION('',(2.16655304232254E-16,-1.,0.));
#2500=DIRECTION('',(-2.16655304232254E-16,1.,0.));
#2501=DIRECTION('center_axis',(0.,0.,1.));
#2502=DIRECTION('ref_axis',(1.,0.,0.));
#2503=DIRECTION('center_axis',(1.,0.,0.));
#2504=DIRECTION('ref_axis',(0.,0.,-1.));
#2505=DIRECTION('center_axis',(0.,0.,-1.));
#2506=DIRECTION('ref_axis',(0.707106781186547,0.707106781186548,0.));
#2507=DIRECTION('center_axis',(0.,0.,1.));
#2508=DIRECTION('ref_axis',(0.707106781186547,0.707106781186548,0.));
#2509=DIRECTION('center_axis',(1.,0.,0.));
#2510=DIRECTION('ref_axis',(0.,0.707106781186546,-0.707106781186549));
#2511=DIRECTION('center_axis',(1.,0.,0.));
#2512=DIRECTION('ref_axis',(0.,0.,-1.));
#2513=DIRECTION('',(1.,0.,0.));
#2514=DIRECTION('',(-1.,0.,0.));
#2515=DIRECTION('center_axis',(0.,0.,1.));
#2516=DIRECTION('ref_axis',(1.,0.,0.));
#2517=DIRECTION('center_axis',(0.,1.,0.));
#2518=DIRECTION('ref_axis',(0.,0.,-1.));
#2519=DIRECTION('center_axis',(0.,0.,-1.));
#2520=DIRECTION('ref_axis',(-0.707106781186547,0.707106781186548,0.));
#2521=DIRECTION('center_axis',(0.,0.,1.));
#2522=DIRECTION('ref_axis',(-0.707106781186547,0.707106781186548,0.));
#2523=DIRECTION('center_axis',(-4.33310608464508E-16,1.,0.));
#2524=DIRECTION('ref_axis',(-0.707106781186553,0.,-0.707106781186543));
#2525=DIRECTION('',(4.33310608464508E-16,-1.,0.));
#2526=DIRECTION('',(-4.33310608464508E-16,1.,0.));
#2527=DIRECTION('center_axis',(0.,1.,0.));
#2528=DIRECTION('ref_axis',(-1.,0.,0.));
#2529=DIRECTION('',(0.,0.,-1.));
#2530=DIRECTION('',(-1.,0.,0.));
#2531=DIRECTION('',(0.,0.,1.));
#2532=DIRECTION('center_axis',(0.,0.,1.));
#2533=DIRECTION('ref_axis',(-0.707106781186547,0.707106781186547,0.));
#2534=DIRECTION('',(0.,0.,1.));
#2535=DIRECTION('center_axis',(0.,0.,-1.));
#2536=DIRECTION('ref_axis',(-0.707106781186547,0.707106781186547,0.));
#2537=DIRECTION('center_axis',(-1.,-4.33310608464508E-16,0.));
#2538=DIRECTION('ref_axis',(4.33310608464508E-16,-1.,0.));
#2539=DIRECTION('',(0.,0.,-1.));
#2540=DIRECTION('',(4.33310608464508E-16,-1.,0.));
#2541=DIRECTION('center_axis',(0.,0.,1.));
#2542=DIRECTION('ref_axis',(-0.707106781186547,-0.707106781186547,0.));
#2543=DIRECTION('',(0.,0.,1.));
#2544=DIRECTION('center_axis',(0.,0.,-1.));
#2545=DIRECTION('ref_axis',(-0.707106781186547,-0.707106781186547,0.));
#2546=DIRECTION('center_axis',(0.,0.,1.));
#2547=DIRECTION('ref_axis',(1.,0.,0.));
#2548=DIRECTION('center_axis',(0.,-1.,0.));
#2549=DIRECTION('ref_axis',(1.,0.,0.));
#2550=DIRECTION('',(0.,0.,-1.));
#2551=DIRECTION('',(1.,0.,0.));
#2552=DIRECTION('center_axis',(0.,0.,1.));
#2553=DIRECTION('ref_axis',(0.707106781186547,-0.707106781186547,0.));
#2554=DIRECTION('',(0.,0.,1.));
#2555=DIRECTION('center_axis',(0.,0.,-1.));
#2556=DIRECTION('ref_axis',(0.707106781186547,-0.707106781186547,0.));
#2557=DIRECTION('center_axis',(1.,2.16655304232254E-16,0.));
#2558=DIRECTION('ref_axis',(-2.16655304232254E-16,1.,0.));
#2559=DIRECTION('',(0.,0.,-1.));
#2560=DIRECTION('',(-2.16655304232254E-16,1.,0.));
#2561=DIRECTION('center_axis',(0.,0.,1.));
#2562=DIRECTION('ref_axis',(0.707106781186547,0.707106781186547,0.));
#2563=DIRECTION('center_axis',(0.,0.,-1.));
#2564=DIRECTION('ref_axis',(0.707106781186547,0.707106781186547,0.));
#2565=DIRECTION('center_axis',(0.,0.,1.));
#2566=DIRECTION('ref_axis',(1.,0.,0.));
#2567=DIRECTION('',(2.15904213877361E-78,-2.73691106313441E-48,1.));
#2568=DIRECTION('',(1.,2.2186712959341E-31,-4.58796454489392E-78));
#2569=CARTESIAN_POINT('',(0.,0.,0.));
#2570=CARTESIAN_POINT('',(0.,0.,0.));
#2571=CARTESIAN_POINT('Origin',(-1.05,0.9,0.));
#2572=CARTESIAN_POINT('',(-1.05,0.9,0.));
#2573=CARTESIAN_POINT('',(-4.,0.9,0.));
#2574=CARTESIAN_POINT('',(-1.05,0.9,0.));
#2575=CARTESIAN_POINT('',(-4.,0.9,6.814));
#2576=CARTESIAN_POINT('',(-4.,0.9,0.));
#2577=CARTESIAN_POINT('',(-1.05,0.9,6.814));
#2578=CARTESIAN_POINT('',(-1.05,0.9,6.814));
#2579=CARTESIAN_POINT('',(-1.05,0.9,0.));
#2580=CARTESIAN_POINT('Origin',(-1.05,4.05,0.));
#2581=CARTESIAN_POINT('',(-1.05,4.05,0.));
#2582=CARTESIAN_POINT('',(-1.05,0.9,0.));
#2583=CARTESIAN_POINT('',(-1.05,4.05,6.814));
#2584=CARTESIAN_POINT('',(-1.05,0.9,6.814));
#2585=CARTESIAN_POINT('',(-1.05,4.05,0.));
#2586=CARTESIAN_POINT('Origin',(1.15,4.05,0.));
#2587=CARTESIAN_POINT('',(1.15,4.05,0.));
#2588=CARTESIAN_POINT('',(-1.05,4.05,0.));
#2589=CARTESIAN_POINT('',(1.15,4.05,6.814));
#2590=CARTESIAN_POINT('',(-1.05,4.05,6.814));
#2591=CARTESIAN_POINT('',(1.15,4.05,0.));
#2592=CARTESIAN_POINT('Origin',(1.15,-4.15,0.));
#2593=CARTESIAN_POINT('',(1.15,-4.15,0.));
#2594=CARTESIAN_POINT('',(1.15,4.05,0.));
#2595=CARTESIAN_POINT('',(1.15,-4.15,6.814));
#2596=CARTESIAN_POINT('',(1.15,4.05,6.814));
#2597=CARTESIAN_POINT('',(1.15,-4.15,0.));
#2598=CARTESIAN_POINT('Origin',(-1.05,-4.15,0.));
#2599=CARTESIAN_POINT('',(-1.05,-4.15,0.));
#2600=CARTESIAN_POINT('',(1.15,-4.15,0.));
#2601=CARTESIAN_POINT('',(-1.05,-4.15,6.814));
#2602=CARTESIAN_POINT('',(1.15,-4.15,6.814));
#2603=CARTESIAN_POINT('',(-1.05,-4.15,0.));
#2604=CARTESIAN_POINT('Origin',(-1.05,-0.8,0.));
#2605=CARTESIAN_POINT('',(-1.05,-0.8,0.));
#2606=CARTESIAN_POINT('',(-1.05,-4.15,0.));
#2607=CARTESIAN_POINT('',(-1.05,-0.8,6.814));
#2608=CARTESIAN_POINT('',(-1.05,-4.15,6.814));
#2609=CARTESIAN_POINT('',(-1.05,-0.8,0.));
#2610=CARTESIAN_POINT('Origin',(-4.,-0.8,0.));
#2611=CARTESIAN_POINT('',(-4.,-0.8,0.));
#2612=CARTESIAN_POINT('',(-4.,-0.8,0.));
#2613=CARTESIAN_POINT('',(-4.,-0.8,6.814));
#2614=CARTESIAN_POINT('',(-4.,-0.8,6.814));
#2615=CARTESIAN_POINT('',(-4.,-0.8,0.));
#2616=CARTESIAN_POINT('Origin',(-4.,0.9,0.));
#2617=CARTESIAN_POINT('',(-4.,0.9,0.));
#2618=CARTESIAN_POINT('',(-4.,0.9,6.814));
#2619=CARTESIAN_POINT('Origin',(-1.425,-0.0500000000000006,6.814));
#2620=CARTESIAN_POINT('Origin',(-1.425,-0.0500000000000006,0.));
#2621=CARTESIAN_POINT('Origin',(-30.8355,-4.17575301836325,0.85));
#2622=CARTESIAN_POINT('',(-29.5855,-4.7785,0.85));
#2623=CARTESIAN_POINT('',(-30.8355,-4.7785,0.85));
#2624=CARTESIAN_POINT('',(-27.5855,-4.7785,0.85));
#2625=CARTESIAN_POINT('',(-29.5855,-3.2785,0.85));
#2626=CARTESIAN_POINT('',(-29.5855,-3.2785,0.85));
#2627=CARTESIAN_POINT('',(-32.0855,-3.2785,0.85));
#2628=CARTESIAN_POINT('',(-32.0855,-3.2785,0.85));
#2629=CARTESIAN_POINT('',(-32.0855,-5.07300603672649,0.85));
#2630=CARTESIAN_POINT('',(-32.0855,-6.5785,0.85));
#2631=CARTESIAN_POINT('Origin',(-30.8355,-7.5785,0.85));
#2632=CARTESIAN_POINT('Origin',(-34.2931696830622,-7.5785,0.85));
#2633=CARTESIAN_POINT('',(-35.1355,-6.5785,0.85));
#2634=CARTESIAN_POINT('',(-33.4508393661244,-6.5785,0.85));
#2635=CARTESIAN_POINT('',(-32.0855,-6.5785,0.85));
#2636=CARTESIAN_POINT('',(-35.1355,-8.5785,0.85));
#2637=CARTESIAN_POINT('',(-35.1355,-6.5785,0.85));
#2638=CARTESIAN_POINT('',(-33.4508393661244,-8.5785,0.85));
#2639=CARTESIAN_POINT('',(-35.1355,-8.5785,0.85));
#2640=CARTESIAN_POINT('Origin',(-30.8355,-7.5785,0.85));
#2641=CARTESIAN_POINT('Origin',(0.,-4.44089209850063E-15,0.85));
#2642=CARTESIAN_POINT('',(-32.0855,-11.8785,0.85));
#2643=CARTESIAN_POINT('',(-32.0855,-10.0839939632735,0.85));
#2644=CARTESIAN_POINT('',(-32.0855,-5.93925,0.85));
#2645=CARTESIAN_POINT('',(-29.5855,-11.8785,0.85));
#2646=CARTESIAN_POINT('',(-29.5855,-11.8785,0.85));
#2647=CARTESIAN_POINT('',(-29.5855,-10.3785,0.85));
#2648=CARTESIAN_POINT('',(-29.5855,-3.2785,0.85));
#2649=CARTESIAN_POINT('',(-30.8355,-10.3785,0.85));
#2650=CARTESIAN_POINT('',(-15.41775,-10.3785,0.85));
#2651=CARTESIAN_POINT('Origin',(-30.8355,-7.5785,0.85));
#2652=CARTESIAN_POINT('Origin',(-30.8355,-10.3785,0.));
#2653=CARTESIAN_POINT('',(-29.5855,-10.3785,9.25));
#2654=CARTESIAN_POINT('',(-29.5855,-10.3785,0.625));
#2655=CARTESIAN_POINT('',(-27.9855,-10.3785,9.25));
#2656=CARTESIAN_POINT('',(-30.8355,-10.3785,9.25));
#2657=CARTESIAN_POINT('',(-27.9855,-10.3785,1.25));
#2658=CARTESIAN_POINT('',(-27.9855,-10.3785,1.25));
#2659=CARTESIAN_POINT('',(-24.3355,-10.3785,1.25));
#2660=CARTESIAN_POINT('',(-15.41775,-10.3785,1.25));
#2661=CARTESIAN_POINT('',(-24.3355,-10.3785,0.));
#2662=CARTESIAN_POINT('',(-24.3355,-10.3785,0.));
#2663=CARTESIAN_POINT('',(-30.8355,-10.3785,0.));
#2664=CARTESIAN_POINT('',(-15.41775,-10.3785,0.));
#2665=CARTESIAN_POINT('',(-30.8355,-10.3785,0.));
#2666=CARTESIAN_POINT('Origin',(-28.9565,-14.9705,10.064));
#2667=CARTESIAN_POINT('',(-29.5855,-11.2736284847861,10.064));
#2668=CARTESIAN_POINT('',(-29.5855,-11.8785,10.064));
#2669=CARTESIAN_POINT('',(-29.5855,-13.4245,10.064));
#2670=CARTESIAN_POINT('',(-31.0783001790932,-11.8785,10.064));
#2671=CARTESIAN_POINT('',(-30.0174000895466,-11.8785,10.064));
#2672=CARTESIAN_POINT('Origin',(-28.9565,-14.9705,10.064));
#2673=CARTESIAN_POINT('',(-26.8065,-14.9705,10.064));
#2674=CARTESIAN_POINT('Origin',(-28.9565,-14.9705,10.064));
#2675=CARTESIAN_POINT('Origin',(-28.9565,-14.9705,1.25));
#2676=CARTESIAN_POINT('',(-29.5855,-11.2736284847861,9.25));
#2677=CARTESIAN_POINT('',(-29.5855,-11.2736284847861,1.25));
#2678=CARTESIAN_POINT('',(-31.0783001790932,-11.8785,9.25));
#2679=CARTESIAN_POINT('',(-31.0783001790932,-11.8785,1.25));
#2680=CARTESIAN_POINT('',(-32.3969121846081,-13.4785,9.25));
#2681=CARTESIAN_POINT('Origin',(-28.9565,-14.9705,9.25));
#2682=CARTESIAN_POINT('',(-32.3969121846081,-13.4785,1.25));
#2683=CARTESIAN_POINT('',(-32.3969121846081,-13.4785,1.25));
#2684=CARTESIAN_POINT('',(-27.9855,-11.3483930164889,1.25));
#2685=CARTESIAN_POINT('Origin',(-28.9565,-14.9705,1.25));
#2686=CARTESIAN_POINT('',(-27.9855,-11.3483930164889,9.25));
#2687=CARTESIAN_POINT('',(-27.9855,-11.3483930164889,1.25));
#2688=CARTESIAN_POINT('Origin',(-28.9565,-14.9705,9.25));
#2689=CARTESIAN_POINT('Origin',(-33.6855,-1.6785,1.25));
#2690=CARTESIAN_POINT('',(-33.6855,-4.9785,1.25));
#2691=CARTESIAN_POINT('',(-33.6855,-1.6785,1.25));
#2692=CARTESIAN_POINT('',(-33.6855,-0.839250000000003,1.25));
#2693=CARTESIAN_POINT('',(-33.6855,-4.9785,9.25));
#2694=CARTESIAN_POINT('',(-33.6855,-4.9785,1.25));
#2695=CARTESIAN_POINT('',(-33.6855,-1.6785,9.25));
#2696=CARTESIAN_POINT('',(-33.6855,-4.9785,9.25));
#2697=CARTESIAN_POINT('',(-33.6855,-1.6785,1.25));
#2698=CARTESIAN_POINT('Origin',(-27.9855,-1.6785,1.25));
#2699=CARTESIAN_POINT('',(-27.9855,-1.6785,1.25));
#2700=CARTESIAN_POINT('',(-13.99275,-1.6785,1.25));
#2701=CARTESIAN_POINT('',(-27.9855,-1.6785,9.25));
#2702=CARTESIAN_POINT('',(-33.6855,-1.6785,9.25));
#2703=CARTESIAN_POINT('',(-27.9855,-1.6785,1.25));
#2704=CARTESIAN_POINT('Origin',(-27.9855,-4.7785,1.25));
#2705=CARTESIAN_POINT('',(-27.9855,-4.7785,1.25));
#2706=CARTESIAN_POINT('',(-27.9855,-2.38925,1.25));
#2707=CARTESIAN_POINT('',(-27.9855,-4.7785,9.25));
#2708=CARTESIAN_POINT('',(-27.9855,-1.6785,9.25));
#2709=CARTESIAN_POINT('',(-27.9855,-4.7785,1.25));
#2710=CARTESIAN_POINT('Origin',(-29.5855,-3.2785,1.25));
#2711=CARTESIAN_POINT('',(-29.5855,-4.7785,9.25));
#2712=CARTESIAN_POINT('',(-29.5855,-4.7785,0.625));
#2713=CARTESIAN_POINT('',(-29.5855,-3.2785,9.25));
#2714=CARTESIAN_POINT('',(-29.5855,-3.2785,9.25));
#2715=CARTESIAN_POINT('',(-29.5855,-3.2785,1.25));
#2716=CARTESIAN_POINT('Origin',(-32.0855,-3.2785,1.25));
#2717=CARTESIAN_POINT('',(-32.0855,-3.2785,9.25));
#2718=CARTESIAN_POINT('',(-32.0855,-3.2785,9.25));
#2719=CARTESIAN_POINT('',(-32.0855,-3.2785,1.25));
#2720=CARTESIAN_POINT('Origin',(-32.0855,-5.07300603672649,1.25));
#2721=CARTESIAN_POINT('',(-32.0855,-5.07300603672649,9.25));
#2722=CARTESIAN_POINT('',(-32.0855,-6.5785,9.25));
#2723=CARTESIAN_POINT('',(-32.0855,-5.07300603672649,0.));
#2724=CARTESIAN_POINT('Origin',(-35.1355,-6.5785,1.25));
#2725=CARTESIAN_POINT('',(-33.4508393661244,-6.5785,9.25));
#2726=CARTESIAN_POINT('',(-33.4508393661244,-6.5785,0.));
#2727=CARTESIAN_POINT('',(-35.1355,-6.5785,9.25));
#2728=CARTESIAN_POINT('',(-32.0855,-6.5785,9.25));
#2729=CARTESIAN_POINT('',(-35.1355,-6.5785,1.25));
#2730=CARTESIAN_POINT('Origin',(-35.1355,-8.5785,1.25));
#2731=CARTESIAN_POINT('',(-35.1355,-8.5785,9.25));
#2732=CARTESIAN_POINT('',(-35.1355,-6.5785,9.25));
#2733=CARTESIAN_POINT('',(-35.1355,-8.5785,1.25));
#2734=CARTESIAN_POINT('Origin',(-33.4508393661244,-8.5785,1.25));
#2735=CARTESIAN_POINT('',(-33.4508393661244,-8.5785,9.25));
#2736=CARTESIAN_POINT('',(-35.1355,-8.5785,9.25));
#2737=CARTESIAN_POINT('',(-33.4508393661244,-8.5785,0.));
#2738=CARTESIAN_POINT('Origin',(-32.0855,-11.8785,1.25));
#2739=CARTESIAN_POINT('',(-32.0855,-10.0839939632735,9.25));
#2740=CARTESIAN_POINT('',(-32.0855,-10.0839939632735,0.));
#2741=CARTESIAN_POINT('',(-32.0855,-11.8785,9.25));
#2742=CARTESIAN_POINT('',(-32.0855,-11.8785,9.25));
#2743=CARTESIAN_POINT('',(-32.0855,-11.8785,1.25));
#2744=CARTESIAN_POINT('Origin',(-31.0783001790932,-11.8785,1.25));
#2745=CARTESIAN_POINT('',(-29.5855,-11.8785,9.25));
#2746=CARTESIAN_POINT('',(-29.5855,-11.8785,1.25));
#2747=CARTESIAN_POINT('Origin',(-33.6855,-13.4785,1.25));
#2748=CARTESIAN_POINT('',(-33.6855,-13.4785,1.25));
#2749=CARTESIAN_POINT('',(-16.84275,-13.4785,1.25));
#2750=CARTESIAN_POINT('',(-33.6855,-13.4785,9.25));
#2751=CARTESIAN_POINT('',(-27.9855,-13.4785,9.25));
#2752=CARTESIAN_POINT('',(-33.6855,-13.4785,1.25));
#2753=CARTESIAN_POINT('Origin',(-33.6855,-10.1785,1.25));
#2754=CARTESIAN_POINT('',(-33.6855,-10.1785,1.25));
#2755=CARTESIAN_POINT('',(-33.6855,-5.08925,1.25));
#2756=CARTESIAN_POINT('',(-33.6855,-10.1785,9.25));
#2757=CARTESIAN_POINT('',(-33.6855,-13.4785,9.25));
#2758=CARTESIAN_POINT('',(-33.6855,-10.1785,1.25));
#2759=CARTESIAN_POINT('Origin',(-36.7355,-10.1785,1.25));
#2760=CARTESIAN_POINT('',(-36.7355,-10.1785,1.25));
#2761=CARTESIAN_POINT('',(-18.36775,-10.1785,1.25));
#2762=CARTESIAN_POINT('',(-36.7355,-10.1785,9.25));
#2763=CARTESIAN_POINT('',(-36.7355,-10.1785,9.25));
#2764=CARTESIAN_POINT('',(-36.7355,-10.1785,1.25));
#2765=CARTESIAN_POINT('Origin',(-36.7355,-4.9785,1.25));
#2766=CARTESIAN_POINT('',(-36.7355,-4.9785,1.25));
#2767=CARTESIAN_POINT('',(-36.7355,-2.48925,1.25));
#2768=CARTESIAN_POINT('',(-36.7355,-4.9785,9.25));
#2769=CARTESIAN_POINT('',(-36.7355,-4.9785,9.25));
#2770=CARTESIAN_POINT('',(-36.7355,-4.9785,1.25));
#2771=CARTESIAN_POINT('Origin',(-33.6855,-4.9785,1.25));
#2772=CARTESIAN_POINT('',(-16.84275,-4.97850000000001,1.25));
#2773=CARTESIAN_POINT('',(-33.6855,-4.9785,9.25));
#2774=CARTESIAN_POINT('Origin',(-32.3605,-7.5785,9.25));
#2775=CARTESIAN_POINT('Origin',(-30.8355,-7.5785,9.25));
#2776=CARTESIAN_POINT('Origin',(-30.8355,-7.5785,9.25));
#2777=CARTESIAN_POINT('',(-30.8355,-4.7785,9.25));
#2778=CARTESIAN_POINT('Origin',(-27.9855,-11.3483930164889,1.25));
#2779=CARTESIAN_POINT('',(-27.9855,-5.67419650824444,1.25));
#2780=CARTESIAN_POINT('',(-27.9855,-1.6785,9.25));
#2781=CARTESIAN_POINT('Origin',(-29.5855,-10.3785,1.25));
#2782=CARTESIAN_POINT('',(-29.5855,-3.2785,9.25));
#2783=CARTESIAN_POINT('Origin',(-28.7855,-10.8634465082444,9.25));
#2784=CARTESIAN_POINT('Origin',(-24.3355,-10.3785,0.));
#2785=CARTESIAN_POINT('',(-24.3355,-10.0785,0.));
#2786=CARTESIAN_POINT('',(-24.3355,-5.18925,0.));
#2787=CARTESIAN_POINT('',(-24.3355,-10.0785,1.25));
#2788=CARTESIAN_POINT('',(-24.3355,-5.18925,1.25));
#2789=CARTESIAN_POINT('',(-24.3355,-10.0785,0.));
#2790=CARTESIAN_POINT('Origin',(-30.8355,-7.5785,0.));
#2791=CARTESIAN_POINT('',(-30.8355,-4.7785,0.));
#2792=CARTESIAN_POINT('Origin',(-30.8355,-7.5785,0.));
#2793=CARTESIAN_POINT('',(-30.8355,-4.7785,0.));
#2794=CARTESIAN_POINT('Origin',(-24.3355,-4.7785,0.));
#2795=CARTESIAN_POINT('',(-24.3355,-4.7785,0.));
#2796=CARTESIAN_POINT('',(-12.16775,-4.7785,0.));
#2797=CARTESIAN_POINT('',(-24.3355,-4.7785,1.25));
#2798=CARTESIAN_POINT('',(-24.3355,-4.7785,0.));
#2799=CARTESIAN_POINT('',(-12.16775,-4.7785,1.25));
#2800=CARTESIAN_POINT('Origin',(-24.3355,-5.0785,0.));
#2801=CARTESIAN_POINT('',(-24.3355,-5.0785,0.));
#2802=CARTESIAN_POINT('',(-24.3355,-2.53925,0.));
#2803=CARTESIAN_POINT('',(-24.3355,-5.0785,1.25));
#2804=CARTESIAN_POINT('',(-24.3355,-5.0785,0.));
#2805=CARTESIAN_POINT('',(-24.3355,-2.53925,1.25));
#2806=CARTESIAN_POINT('Origin',(-30.8355,-5.0785,0.));
#2807=CARTESIAN_POINT('',(-30.8355,-5.0785,0.));
#2808=CARTESIAN_POINT('',(-15.41775,-5.0785,0.));
#2809=CARTESIAN_POINT('',(-30.8355,-5.0785,1.25));
#2810=CARTESIAN_POINT('',(-30.8355,-5.0785,0.));
#2811=CARTESIAN_POINT('',(-15.41775,-5.0785,1.25));
#2812=CARTESIAN_POINT('Origin',(-30.8355,-7.5785,0.));
#2813=CARTESIAN_POINT('',(-30.8355,-10.0785,0.));
#2814=CARTESIAN_POINT('Origin',(-30.8355,-7.5785,0.));
#2815=CARTESIAN_POINT('',(-30.8355,-10.0785,1.25));
#2816=CARTESIAN_POINT('',(-30.8355,-10.0785,0.));
#2817=CARTESIAN_POINT('Origin',(-30.8355,-7.5785,1.25));
#2818=CARTESIAN_POINT('Origin',(-24.3355,-10.0785,0.));
#2819=CARTESIAN_POINT('',(-12.16775,-10.0785,0.));
#2820=CARTESIAN_POINT('',(-12.16775,-10.0785,1.25));
#2821=CARTESIAN_POINT('Origin',(0.,-4.44089209850063E-15,6.164));
#2822=CARTESIAN_POINT('',(42.1785,11.0575,6.164));
#2823=CARTESIAN_POINT('Origin',(39.8785,11.0575,6.164));
#2824=CARTESIAN_POINT('Origin',(0.,-4.44089209850063E-15,6.164));
#2825=CARTESIAN_POINT('',(-15.5035,12.9625,6.164));
#2826=CARTESIAN_POINT('Origin',(-17.6535,12.9625,6.164));
#2827=CARTESIAN_POINT('Origin',(0.,-4.44089209850063E-15,6.164));
#2828=CARTESIAN_POINT('',(-26.8065,-14.9705,6.164));
#2829=CARTESIAN_POINT('Origin',(-28.9565,-14.9705,6.164));
#2830=CARTESIAN_POINT('Origin',(-28.9565,-14.9705,1.25));
#2831=CARTESIAN_POINT('',(-26.8065,-14.9705,1.25));
#2832=CARTESIAN_POINT('Origin',(-17.6535,12.9625,1.25));
#2833=CARTESIAN_POINT('',(-15.5035,12.9625,10.064));
#2834=CARTESIAN_POINT('Origin',(-17.6535,12.9625,10.064));
#2835=CARTESIAN_POINT('',(-15.5035,12.9625,1.25));
#2836=CARTESIAN_POINT('Origin',(-17.6535,12.9625,1.25));
#2837=CARTESIAN_POINT('',(-13.9035,12.9625,10.064));
#2838=CARTESIAN_POINT('Origin',(-17.6535,12.9625,10.064));
#2839=CARTESIAN_POINT('',(-13.9035,12.9625,1.25));
#2840=CARTESIAN_POINT('',(-13.9035,12.9625,1.25));
#2841=CARTESIAN_POINT('Origin',(-17.6535,12.9625,1.25));
#2842=CARTESIAN_POINT('Origin',(-17.6535,12.9625,10.064));
#2843=CARTESIAN_POINT('Origin',(39.8785,11.0575,1.25));
#2844=CARTESIAN_POINT('',(42.1785,11.0575,10.064));
#2845=CARTESIAN_POINT('Origin',(39.8785,11.0575,10.064));
#2846=CARTESIAN_POINT('',(42.1785,11.0575,1.25));
#2847=CARTESIAN_POINT('Origin',(39.8785,11.0575,1.25));
#2848=CARTESIAN_POINT('',(43.7785,11.0575,10.064));
#2849=CARTESIAN_POINT('Origin',(39.8785,11.0575,10.064));
#2850=CARTESIAN_POINT('',(43.7785,11.0575,5.25));
#2851=CARTESIAN_POINT('',(43.7785,11.0575,1.25));
#2852=CARTESIAN_POINT('',(42.3255,14.0943060524176,5.25));
#2853=CARTESIAN_POINT('Origin',(39.8785,11.0575,5.25));
#2854=CARTESIAN_POINT('',(42.3255,14.0943060524176,1.25));
#2855=CARTESIAN_POINT('',(42.3255,14.0943060524176,1.25));
#2856=CARTESIAN_POINT('',(42.2579747319524,14.1475,1.25));
#2857=CARTESIAN_POINT('Origin',(39.8785,11.0575,1.25));
#2858=CARTESIAN_POINT('',(42.2579747319524,14.1475,5.25));
#2859=CARTESIAN_POINT('',(42.2579747319524,14.1475,1.25));
#2860=CARTESIAN_POINT('',(38.9255,14.8392708814787,5.25));
#2861=CARTESIAN_POINT('Origin',(39.8785,11.0575,5.25));
#2862=CARTESIAN_POINT('',(38.9255,14.8392708814787,1.25));
#2863=CARTESIAN_POINT('',(38.9255,14.8392708814787,1.25));
#2864=CARTESIAN_POINT('',(43.7661599645545,10.7475,1.25));
#2865=CARTESIAN_POINT('Origin',(39.8785,11.0575,1.25));
#2866=CARTESIAN_POINT('',(43.7661599645545,10.7475,5.25));
#2867=CARTESIAN_POINT('',(43.7661599645545,10.7475,1.25));
#2868=CARTESIAN_POINT('Origin',(39.8785,11.0575,5.25));
#2869=CARTESIAN_POINT('Origin',(39.8785,11.0575,10.064));
#2870=CARTESIAN_POINT('Origin',(42.3255,10.7475,1.25));
#2871=CARTESIAN_POINT('',(43.9255,10.7475,1.25));
#2872=CARTESIAN_POINT('',(21.16275,10.7475,1.25));
#2873=CARTESIAN_POINT('',(43.9255,10.7475,5.25));
#2874=CARTESIAN_POINT('',(43.9255,10.7475,1.25));
#2875=CARTESIAN_POINT('',(43.9255,10.7475,5.25));
#2876=CARTESIAN_POINT('Origin',(41.4255,13.2475,5.25));
#2877=CARTESIAN_POINT('',(43.9255,15.7475,5.25));
#2878=CARTESIAN_POINT('',(43.9255,15.7475,5.25));
#2879=CARTESIAN_POINT('',(38.9255,15.7475,5.25));
#2880=CARTESIAN_POINT('',(-43.9255,15.7475,5.25));
#2881=CARTESIAN_POINT('',(38.9255,15.7475,5.25));
#2882=CARTESIAN_POINT('',(42.3255,14.1475,5.25));
#2883=CARTESIAN_POINT('',(38.9255,14.1475,5.25));
#2884=CARTESIAN_POINT('',(42.3255,14.1475,5.25));
#2885=CARTESIAN_POINT('Origin',(0.,-4.44089209850063E-15,1.25));
#2886=CARTESIAN_POINT('',(42.3255,14.1475,1.25));
#2887=CARTESIAN_POINT('',(42.3255,7.07374999999999,1.25));
#2888=CARTESIAN_POINT('',(19.46275,14.1475,1.25));
#2889=CARTESIAN_POINT('Origin',(18.5145,-17.5225,1.25));
#2890=CARTESIAN_POINT('',(8.15450000000001,-17.5225,0.));
#2891=CARTESIAN_POINT('',(18.5145,-17.5225,0.));
#2892=CARTESIAN_POINT('',(9.25725000000001,-17.5225,0.));
#2893=CARTESIAN_POINT('',(8.15450000000001,-17.5225,1.25));
#2894=CARTESIAN_POINT('',(8.15450000000001,-17.5225,1.25));
#2895=CARTESIAN_POINT('',(18.5145,-17.5225,1.25));
#2896=CARTESIAN_POINT('',(9.25725000000001,-17.5225,1.25));
#2897=CARTESIAN_POINT('',(18.5145,-17.5225,1.25));
#2898=CARTESIAN_POINT('Origin',(18.5145,-8.11050000000001,1.25));
#2899=CARTESIAN_POINT('',(18.5145,-8.11050000000001,0.));
#2900=CARTESIAN_POINT('',(18.5145,-4.05525,0.));
#2901=CARTESIAN_POINT('',(18.5145,-8.11050000000001,1.25));
#2902=CARTESIAN_POINT('',(18.5145,-4.05525,1.25));
#2903=CARTESIAN_POINT('',(18.5145,-8.11050000000001,1.25));
#2904=CARTESIAN_POINT('Origin',(8.15450000000001,-8.11050000000001,1.25));
#2905=CARTESIAN_POINT('',(8.15450000000001,-8.11050000000001,0.));
#2906=CARTESIAN_POINT('',(4.07725000000001,-8.11050000000001,0.));
#2907=CARTESIAN_POINT('',(8.15450000000001,-8.11050000000001,1.25));
#2908=CARTESIAN_POINT('',(4.07725000000001,-8.11050000000001,1.25));
#2909=CARTESIAN_POINT('',(8.15450000000001,-8.11050000000001,1.25));
#2910=CARTESIAN_POINT('Origin',(8.15450000000001,-17.5225,1.25));
#2911=CARTESIAN_POINT('',(8.15450000000001,-8.76125000000001,0.));
#2912=CARTESIAN_POINT('',(8.15450000000001,-8.76125000000001,1.25));
#2913=CARTESIAN_POINT('Origin',(-37.6255,11.5825,1.25));
#2914=CARTESIAN_POINT('',(-37.6255,5.48249999999999,0.));
#2915=CARTESIAN_POINT('',(-37.6255,11.5825,0.));
#2916=CARTESIAN_POINT('',(-37.6255,5.79124999999999,0.));
#2917=CARTESIAN_POINT('',(-37.6255,5.48249999999999,1.25));
#2918=CARTESIAN_POINT('',(-37.6255,5.48249999999999,1.25));
#2919=CARTESIAN_POINT('',(-37.6255,11.5825,1.25));
#2920=CARTESIAN_POINT('',(-37.6255,5.79124999999999,1.25));
#2921=CARTESIAN_POINT('',(-37.6255,11.5825,1.25));
#2922=CARTESIAN_POINT('Origin',(-41.7855,11.5825,1.25));
#2923=CARTESIAN_POINT('',(-41.7855,11.5825,0.));
#2924=CARTESIAN_POINT('',(-20.89275,11.5825,0.));
#2925=CARTESIAN_POINT('',(-41.7855,11.5825,1.25));
#2926=CARTESIAN_POINT('',(-20.89275,11.5825,1.25));
#2927=CARTESIAN_POINT('',(-41.7855,11.5825,1.25));
#2928=CARTESIAN_POINT('Origin',(-41.7855,5.48249999999999,1.25));
#2929=CARTESIAN_POINT('',(-41.7855,5.48249999999999,0.));
#2930=CARTESIAN_POINT('',(-41.7855,2.74124999999999,0.));
#2931=CARTESIAN_POINT('',(-41.7855,5.48249999999999,1.25));
#2932=CARTESIAN_POINT('',(-41.7855,2.74124999999999,1.25));
#2933=CARTESIAN_POINT('',(-41.7855,5.48249999999999,1.25));
#2934=CARTESIAN_POINT('Origin',(-37.6255,5.48249999999999,1.25));
#2935=CARTESIAN_POINT('',(-18.81275,5.48249999999999,0.));
#2936=CARTESIAN_POINT('',(-18.81275,5.48249999999999,1.25));
#2937=CARTESIAN_POINT('Origin',(-43.9255,-17.7475,1.25));
#2938=CARTESIAN_POINT('',(-38.9255,-17.7475,1.25));
#2939=CARTESIAN_POINT('',(-43.9255,-17.7475,1.25));
#2940=CARTESIAN_POINT('',(-21.96275,-17.7475,1.25));
#2941=CARTESIAN_POINT('',(-38.9255,-17.7475,5.25));
#2942=CARTESIAN_POINT('',(-38.9255,-17.7475,1.25));
#2943=CARTESIAN_POINT('',(-43.9255,-17.7475,5.25));
#2944=CARTESIAN_POINT('',(43.9255,-17.7475,5.25));
#2945=CARTESIAN_POINT('',(-43.9255,-17.7475,1.25));
#2946=CARTESIAN_POINT('Origin',(-43.9255,-12.7475,1.25));
#2947=CARTESIAN_POINT('',(-43.9255,-12.7475,1.25));
#2948=CARTESIAN_POINT('',(-43.9255,-6.37375000000001,1.25));
#2949=CARTESIAN_POINT('',(-43.9255,-12.7475,5.25));
#2950=CARTESIAN_POINT('',(-43.9255,-17.7475,5.25));
#2951=CARTESIAN_POINT('',(-43.9255,-12.7475,1.25));
#2952=CARTESIAN_POINT('Origin',(-42.3255,-12.7475,1.25));
#2953=CARTESIAN_POINT('',(-42.3255,-12.7475,1.25));
#2954=CARTESIAN_POINT('',(-21.16275,-12.7475,1.25));
#2955=CARTESIAN_POINT('',(-42.3255,-12.7475,5.25));
#2956=CARTESIAN_POINT('',(-43.9255,-12.7475,5.25));
#2957=CARTESIAN_POINT('',(-42.3255,-12.7475,1.25));
#2958=CARTESIAN_POINT('Origin',(-42.3255,-16.1475,1.25));
#2959=CARTESIAN_POINT('',(-42.3255,-16.1475,1.25));
#2960=CARTESIAN_POINT('',(-42.3255,-8.07375000000001,1.25));
#2961=CARTESIAN_POINT('',(-42.3255,-16.1475,5.25));
#2962=CARTESIAN_POINT('',(-42.3255,-12.7475,5.25));
#2963=CARTESIAN_POINT('',(-42.3255,-16.1475,1.25));
#2964=CARTESIAN_POINT('Origin',(-38.9255,-16.1475,1.25));
#2965=CARTESIAN_POINT('',(-38.9255,-16.1475,1.25));
#2966=CARTESIAN_POINT('',(-19.46275,-16.1475,1.25));
#2967=CARTESIAN_POINT('',(-38.9255,-16.1475,5.25));
#2968=CARTESIAN_POINT('',(-42.3255,-16.1475,5.25));
#2969=CARTESIAN_POINT('',(-38.9255,-16.1475,1.25));
#2970=CARTESIAN_POINT('Origin',(-38.9255,-17.7475,1.25));
#2971=CARTESIAN_POINT('',(-38.9255,-8.87375000000001,1.25));
#2972=CARTESIAN_POINT('',(-38.9255,-17.7475,5.25));
#2973=CARTESIAN_POINT('Origin',(-41.4255,-15.2475,5.25));
#2974=CARTESIAN_POINT('Origin',(43.9255,15.7475,1.25));
#2975=CARTESIAN_POINT('',(38.9255,15.7475,1.25));
#2976=CARTESIAN_POINT('',(43.9255,15.7475,1.25));
#2977=CARTESIAN_POINT('',(21.96275,15.7475,1.25));
#2978=CARTESIAN_POINT('',(38.9255,15.7475,1.25));
#2979=CARTESIAN_POINT('',(43.9255,15.7475,1.25));
#2980=CARTESIAN_POINT('Origin',(43.9255,10.7475,1.25));
#2981=CARTESIAN_POINT('',(43.9255,5.37374999999999,1.25));
#2982=CARTESIAN_POINT('Origin',(42.3255,14.1475,1.25));
#2983=CARTESIAN_POINT('',(42.3255,14.1475,1.25));
#2984=CARTESIAN_POINT('Origin',(38.9255,14.1475,1.25));
#2985=CARTESIAN_POINT('Origin',(38.9255,15.7475,1.25));
#2986=CARTESIAN_POINT('',(38.9255,7.87374999999999,1.25));
#2987=CARTESIAN_POINT('Origin',(43.9255,-17.7475,1.25));
#2988=CARTESIAN_POINT('',(43.9255,-12.7475,1.25));
#2989=CARTESIAN_POINT('',(43.9255,-17.7475,1.25));
#2990=CARTESIAN_POINT('',(43.9255,-8.87375000000001,1.25));
#2991=CARTESIAN_POINT('',(43.9255,-12.7475,5.25));
#2992=CARTESIAN_POINT('',(43.9255,-12.7475,1.25));
#2993=CARTESIAN_POINT('',(43.9255,-17.7475,5.25));
#2994=CARTESIAN_POINT('',(43.9255,15.7475,5.25));
#2995=CARTESIAN_POINT('',(43.9255,-17.7475,1.25));
#2996=CARTESIAN_POINT('Origin',(38.9255,-17.7475,1.25));
#2997=CARTESIAN_POINT('',(38.9255,-17.7475,1.25));
#2998=CARTESIAN_POINT('',(19.46275,-17.7475,1.25));
#2999=CARTESIAN_POINT('',(38.9255,-17.7475,5.25));
#3000=CARTESIAN_POINT('',(43.9255,-17.7475,5.25));
#3001=CARTESIAN_POINT('',(38.9255,-17.7475,1.25));
#3002=CARTESIAN_POINT('Origin',(38.9255,-16.1475,1.25));
#3003=CARTESIAN_POINT('',(38.9255,-16.1475,1.25));
#3004=CARTESIAN_POINT('',(38.9255,-8.07375000000001,1.25));
#3005=CARTESIAN_POINT('',(38.9255,-16.1475,5.25));
#3006=CARTESIAN_POINT('',(38.9255,-17.7475,5.25));
#3007=CARTESIAN_POINT('',(38.9255,-16.1475,1.25));
#3008=CARTESIAN_POINT('Origin',(42.3255,-16.1475,1.25));
#3009=CARTESIAN_POINT('',(42.3255,-16.1475,1.25));
#3010=CARTESIAN_POINT('',(21.16275,-16.1475,1.25));
#3011=CARTESIAN_POINT('',(42.3255,-16.1475,5.25));
#3012=CARTESIAN_POINT('',(38.9255,-16.1475,5.25));
#3013=CARTESIAN_POINT('',(42.3255,-16.1475,1.25));
#3014=CARTESIAN_POINT('Origin',(42.3255,-12.7475,1.25));
#3015=CARTESIAN_POINT('',(42.3255,-12.7475,1.25));
#3016=CARTESIAN_POINT('',(42.3255,-6.37375000000001,1.25));
#3017=CARTESIAN_POINT('',(42.3255,-12.7475,5.25));
#3018=CARTESIAN_POINT('',(42.3255,-16.1475,5.25));
#3019=CARTESIAN_POINT('',(42.3255,-12.7475,1.25));
#3020=CARTESIAN_POINT('Origin',(43.9255,-12.7475,1.25));
#3021=CARTESIAN_POINT('',(21.96275,-12.7475,1.25));
#3022=CARTESIAN_POINT('',(43.9255,-12.7475,5.25));
#3023=CARTESIAN_POINT('Origin',(41.4255,-15.2475,5.25));
#3024=CARTESIAN_POINT('Origin',(-43.6755,-17.9975,0.75));
#3025=CARTESIAN_POINT('',(-46.1755,-17.9975,0.75));
#3026=CARTESIAN_POINT('',(-45.4255,-17.9975,0.));
#3027=CARTESIAN_POINT('Origin',(-45.4255,-17.9975,0.75));
#3028=CARTESIAN_POINT('',(-43.6755,-19.7475,0.));
#3029=CARTESIAN_POINT('Origin',(-43.6755,-17.9975,0.));
#3030=CARTESIAN_POINT('',(-43.6755,-20.4975,0.75));
#3031=CARTESIAN_POINT('Origin',(-43.6755,-19.7475,0.75));
#3032=CARTESIAN_POINT('Origin',(-43.6755,-17.9975,0.75));
#3033=CARTESIAN_POINT('Origin',(-23.08775,-19.7475,0.75));
#3034=CARTESIAN_POINT('',(43.6755,-19.7475,0.));
#3035=CARTESIAN_POINT('',(43.6755,-20.4975,0.75));
#3036=CARTESIAN_POINT('Origin',(43.6755,-19.7475,0.75));
#3037=CARTESIAN_POINT('',(-23.08775,-20.4975,0.75));
#3038=CARTESIAN_POINT('',(-23.08775,-19.7475,0.));
#3039=CARTESIAN_POINT('Origin',(43.6755,-17.9975,0.75));
#3040=CARTESIAN_POINT('',(45.4255,-17.9975,0.));
#3041=CARTESIAN_POINT('',(46.1755,-17.9975,0.75));
#3042=CARTESIAN_POINT('Origin',(45.4255,-17.9975,0.75));
#3043=CARTESIAN_POINT('Origin',(43.6755,-17.9975,0.75));
#3044=CARTESIAN_POINT('Origin',(43.6755,-17.9975,0.));
#3045=CARTESIAN_POINT('Origin',(45.4255,-10.24875,0.75));
#3046=CARTESIAN_POINT('',(45.4255,17.9975,0.));
#3047=CARTESIAN_POINT('',(46.1755,17.9975,0.75));
#3048=CARTESIAN_POINT('Origin',(45.4255,17.9975,0.75));
#3049=CARTESIAN_POINT('',(46.1755,-10.24875,0.75));
#3050=CARTESIAN_POINT('',(45.4255,-10.24875,0.));
#3051=CARTESIAN_POINT('Origin',(43.6755,17.9975,0.75));
#3052=CARTESIAN_POINT('',(43.6755,19.7475,0.));
#3053=CARTESIAN_POINT('',(43.6755,20.4975,0.75));
#3054=CARTESIAN_POINT('Origin',(43.6755,19.7475,0.75));
#3055=CARTESIAN_POINT('Origin',(43.6755,17.9975,0.75));
#3056=CARTESIAN_POINT('Origin',(43.6755,17.9975,0.));
#3057=CARTESIAN_POINT('Origin',(23.08775,19.7475,0.75));
#3058=CARTESIAN_POINT('',(-43.6755,19.7475,0.));
#3059=CARTESIAN_POINT('',(-43.6755,20.4975,0.75));
#3060=CARTESIAN_POINT('Origin',(-43.6755,19.7475,0.75));
#3061=CARTESIAN_POINT('',(23.08775,20.4975,0.75));
#3062=CARTESIAN_POINT('',(23.08775,19.7475,0.));
#3063=CARTESIAN_POINT('Origin',(-43.6755,17.9975,0.75));
#3064=CARTESIAN_POINT('',(-45.4255,17.9975,0.));
#3065=CARTESIAN_POINT('',(-46.1755,17.9975,0.75));
#3066=CARTESIAN_POINT('Origin',(-45.4255,17.9975,0.75));
#3067=CARTESIAN_POINT('Origin',(-43.6755,17.9975,0.75));
#3068=CARTESIAN_POINT('Origin',(-43.6755,17.9975,0.));
#3069=CARTESIAN_POINT('Origin',(-45.4255,10.24875,0.75));
#3070=CARTESIAN_POINT('',(-45.4255,10.24875,0.));
#3071=CARTESIAN_POINT('',(-46.1755,10.24875,0.75));
#3072=CARTESIAN_POINT('Origin',(46.1755,20.4975,0.));
#3073=CARTESIAN_POINT('',(-43.6755,20.4975,1.25));
#3074=CARTESIAN_POINT('',(-43.6755,20.4975,0.));
#3075=CARTESIAN_POINT('',(43.6755,20.4975,1.25));
#3076=CARTESIAN_POINT('',(-46.1755,20.4975,1.25));
#3077=CARTESIAN_POINT('',(43.6755,20.4975,0.));
#3078=CARTESIAN_POINT('Origin',(-43.6755,17.9975,0.));
#3079=CARTESIAN_POINT('',(-46.1755,17.9975,1.25));
#3080=CARTESIAN_POINT('',(-46.1755,17.9975,0.));
#3081=CARTESIAN_POINT('Origin',(-43.6755,17.9975,1.25));
#3082=CARTESIAN_POINT('Origin',(-46.1755,20.4975,0.));
#3083=CARTESIAN_POINT('',(-46.1755,-17.9975,1.25));
#3084=CARTESIAN_POINT('',(-46.1755,-17.9975,0.));
#3085=CARTESIAN_POINT('',(-46.1755,-20.4975,1.25));
#3086=CARTESIAN_POINT('Origin',(-43.6755,-17.9975,0.));
#3087=CARTESIAN_POINT('',(-43.6755,-20.4975,1.25));
#3088=CARTESIAN_POINT('',(-43.6755,-20.4975,0.));
#3089=CARTESIAN_POINT('Origin',(-43.6755,-17.9975,1.25));
#3090=CARTESIAN_POINT('Origin',(0.,-4.44089209850063E-15,0.));
#3091=CARTESIAN_POINT('Origin',(-46.1755,-20.4975,0.));
#3092=CARTESIAN_POINT('',(43.6755,-20.4975,1.25));
#3093=CARTESIAN_POINT('',(43.6755,-20.4975,0.));
#3094=CARTESIAN_POINT('',(46.1755,-20.4975,1.25));
#3095=CARTESIAN_POINT('Origin',(43.6755,-17.9975,0.));
#3096=CARTESIAN_POINT('',(46.1755,-17.9975,1.25));
#3097=CARTESIAN_POINT('',(46.1755,-17.9975,0.));
#3098=CARTESIAN_POINT('Origin',(43.6755,-17.9975,1.25));
#3099=CARTESIAN_POINT('Origin',(46.1755,-20.4975,0.));
#3100=CARTESIAN_POINT('',(46.1755,17.9975,1.25));
#3101=CARTESIAN_POINT('',(46.1755,17.9975,0.));
#3102=CARTESIAN_POINT('',(46.1755,20.4975,1.25));
#3103=CARTESIAN_POINT('Origin',(43.6755,17.9975,0.));
#3104=CARTESIAN_POINT('Origin',(43.6755,17.9975,1.25));
#3105=CARTESIAN_POINT('Origin',(0.,-4.44089209850063E-15,1.25));
#3106=CARTESIAN_POINT('',(-30.9855,-7.4785,2.49687492847442));
#3107=UNCERTAINTY_MEASURE_WITH_UNIT(LENGTH_MEASURE(0.01),#3113,
'DISTANCE_ACCURACY_VALUE',
'Maximum model space distance between geometric entities at asserted c
onnectivities');
#3108=UNCERTAINTY_MEASURE_WITH_UNIT(LENGTH_MEASURE(0.01),#3113,
'DISTANCE_ACCURACY_VALUE',
'Maximum model space distance between geometric entities at asserted c
onnectivities');
#3109=UNCERTAINTY_MEASURE_WITH_UNIT(LENGTH_MEASURE(0.01),#3113,
'DISTANCE_ACCURACY_VALUE',
'Maximum model space distance between geometric entities at asserted c
onnectivities');
#3110=(
GEOMETRIC_REPRESENTATION_CONTEXT(3)
GLOBAL_UNCERTAINTY_ASSIGNED_CONTEXT((#3107))
GLOBAL_UNIT_ASSIGNED_CONTEXT((#3113,#3115,#3116))
REPRESENTATION_CONTEXT('','3D')
);
#3111=(
GEOMETRIC_REPRESENTATION_CONTEXT(3)
GLOBAL_UNCERTAINTY_ASSIGNED_CONTEXT((#3108))
GLOBAL_UNIT_ASSIGNED_CONTEXT((#3113,#3115,#3116))
REPRESENTATION_CONTEXT('','3D')
);
#3112=(
GEOMETRIC_REPRESENTATION_CONTEXT(3)
GLOBAL_UNCERTAINTY_ASSIGNED_CONTEXT((#3109))
GLOBAL_UNIT_ASSIGNED_CONTEXT((#3113,#3115,#3116))
REPRESENTATION_CONTEXT('','3D')
);
#3113=(
LENGTH_UNIT()
NAMED_UNIT(*)
SI_UNIT(.MILLI.,.METRE.)
);
#3114=(
LENGTH_UNIT()
NAMED_UNIT(*)
SI_UNIT($,.METRE.)
);
#3115=(
NAMED_UNIT(*)
PLANE_ANGLE_UNIT()
SI_UNIT($,.RADIAN.)
);
#3116=(
NAMED_UNIT(*)
SI_UNIT($,.STERADIAN.)
SOLID_ANGLE_UNIT()
);
#3117=SHAPE_DEFINITION_REPRESENTATION(#3119,#3122);
#3118=SHAPE_DEFINITION_REPRESENTATION(#3120,#3123);
#3119=PRODUCT_DEFINITION_SHAPE('',$,#3125);
#3120=PRODUCT_DEFINITION_SHAPE('',$,#3126);
#3121=PRODUCT_DEFINITION_SHAPE($,$,#14);
#3122=SHAPE_REPRESENTATION('',(#1903,#2052),#3110);
#3123=SHAPE_REPRESENTATION('',(#1904),#3111);
#3124=PRODUCT_DEFINITION_CONTEXT('part definition',#3132,'design');
#3125=PRODUCT_DEFINITION('Top','Top v13',#3127,#3124);
#3126=PRODUCT_DEFINITION('Button','Button v3',#3128,#3124);
#3127=PRODUCT_DEFINITION_FORMATION('',$,#3134);
#3128=PRODUCT_DEFINITION_FORMATION('',$,#3135);
#3129=PRODUCT_RELATED_PRODUCT_CATEGORY('Top v13','Top v13',(#3134));
#3130=PRODUCT_RELATED_PRODUCT_CATEGORY('Button v3','Button v3',(#3135));
#3131=APPLICATION_PROTOCOL_DEFINITION('international standard',
'automotive_design',2009,#3132);
#3132=APPLICATION_CONTEXT(
'Core Data for Automotive Mechanical Design Process');
#3133=PRODUCT_CONTEXT('part definition',#3132,'mechanical');
#3134=PRODUCT('Top','Top v13',$,(#3133));
#3135=PRODUCT('Button','Button v3',$,(#3133));
#3136=PRESENTATION_STYLE_ASSIGNMENT((#3137));
#3137=SURFACE_STYLE_USAGE(.BOTH.,#3138);
#3138=SURFACE_SIDE_STYLE('',(#3139));
#3139=SURFACE_STYLE_FILL_AREA(#3140);
#3140=FILL_AREA_STYLE('Steel - Satin',(#3141));
#3141=FILL_AREA_STYLE_COLOUR('Steel - Satin',#3142);
#3142=COLOUR_RGB('Steel - Satin',0.627450980392157,0.627450980392157,0.627450980392157);
ENDSEC;
END-ISO-10303-21;
